0x8d12a197cb00d4747a1fe03395095ce2a5cc6819,233
0x2a0c0dbecc7e4d658f48e01e3fa353f44050c208,1510x0000000000027f6d87be8ade118d9ee56767d993
0x174bfa6600bf90c885c7c01c7031389ed1461ab9,132
0x06012c8cf97bead5deae237070f9587f8e7a266d,971
0x86fa049857e0209aa7d9e616f7eb3b3b78ecfdb0,263
0xd1ceeeeee83f8bcf3bedad437202b6154e9f5405,302
0xd26114cd6ee289accf82350c8d8487fedb8a0c07,185
0xe94b04a0fed112f3664e45adb2b8915693dd5ff3,20
0xa3c1e324ca1ce40db73ed6026c4a177f099b5770,132
0x03df4c372a29376d2c8df33a1b5f001cd8d68b0e,132
0x6090a6e47849629b7245dfa1ca21d94cd15878ef,324
0x0e50e6d6bb434938d8fe670a2d7a14cd128eb50f,74
0x8fdcc30eda7e94f1c12ce0280df6cd531e8365c5,54
0x21ab6c9fac80c59d401b37cb43f81ea9dde7fe34,74
0xb64ef51c888972c908cfacf59b47c1afbc0ab8ac,165
0xa15c7ebe1f07caf6bff097d8a589fb8ac49ae5b3,346
0xb1690c08e213a35ed9bab7b318de14420fb57d8c,300
0x0d8775f648430679a709e98d2b0cb6250d2887ef,129
0x74fd51a98a4a1ecbef8cc43be801cce630e260bd,174
0xa74476443119a942de498590fe1f2454d7d4ac0d,161
0x93e682107d1e9defb0b5ee701c71707a4b2e46bc,62
0xb8c77482e45f1f44de1745f52c74426c631bdd52,112
0x1f0480a66883de97d2b054929252aae8f664c15c,174
0xdac17f958d2ee523a2206206994597c13d831ec7,251
0xd0a6e6c54dbc68db5db3a091b171a77407ff7ccf,420
0x0d152b9ee87ebae179f64c067a966dd716c50742,147
0x9554efa1669014c25070bc23c2df262825704228,26
0xe41d2489571d322189246dafa5ebde1f4699f498,76
0x8a88f04e0c905054d2f33b26bb3a46d7091a039a,174
0x3495ffcee09012ab7d827abf3e3b3ae428a38443,130
0xabbb6bebfa05aa13e908eaa492bd7a8343760477,28
0x999999c60566e0a78df17f71886333e1dace0bae,252
0x744d70fdbe2ba4cf95131626614a1763df805b9e,850
0xd3ebdaea9aeac98de723f640bce4aa07e2e44192,77
0x1ce7ae555139c5ef5a57cc8d814a867ee6ee33d8,262
0x8e766f57f7d16ca50b4a0b90b88f6468a09b0439,88
0xa52e014b3f5cc48287c2d483a3e026c32cc76e6d,1516
0x0e69d0a2bbb30abcb7e5cfea0e4fde19c00a8d47,280
0xcafe27178308351a12fffffdeb161d9d730da082,55
0x12459c951127e0c374ff9105dda097662a027093,542
0x931abd3732f7eada74190c8f89b46f8ba7103d54,145
0x798abda6cc246d0edba912092a2a3dbd3d11191b,590
0xc4131c1893576e078a0b637b653f3e6a18e137ac,68
0xa0b86991c6218b36c1d19d4a2e9eb0ce3606eb48,109
0x4156d3342d5c385a87d264f90653733592000581,59
0xb97048628db6b661d4c2aa833e95dbe1a905b280,253
0xc5d105e63711398af9bbff092d4b6769c82f793d,142
0xd850942ef8811f2a866692a623011bde52a462c1,358
0x14fbca95be7e99c15cc2996c6c9d841e54b79425,894
0x4672bad527107471cb5067a887f4656d585a8a31,109
0xb3775fb83f7d12a36e0475abdd1fca35c091efbe,425
0xc02aaa39b223fe8d0a0e5c4f27ead9083c756cc2,50
0x4092678e4e78230f46a1534c0fbc8fa39780892b,156
0xc9c4d9ec2b44b241361707679d3db0876ac10ca6,120
0x6a750d255416483bec1a31ca7050c6dac4263b57,71
0x4f833a24e1f95d70f028921e27040ca56e09ab0b,2421
0xd73be539d6b2076bab83ca6ba62dfe189abc6bbe,1055
0xd77bcd9cf4212a41defbcd2e2ff0f50fea2be643,67
0x41e5560054824ea6b0732e656e3ad64e20e94e45,165
0x1530df3e1c69501d4ecb7e58eb045b90de158873,218
0xfc87d4f82fc5fe80a2d1692ffee872b2517c34c7,110
0x39755357759ce0d7f32dc8dc45414cca409ae24e,869
0xb5a5f22694352c15b00323844ad545abb2b11028,191
0x05f4a42e251f2d52b8ed15e9fedaacfcef1fad27,192
0x5da8d37485b4374fc338fc1f1ea31d07eb7bedd3,268
0x0000000000085d4780b73119b644ae5ecd22b376,94
0xdd974d5c2e2928dea5f71b9825b8b646686bd200,138
0xfd0174784ebce943bdb8832ecdea9fea30e7c7a9,221
0x4a8f44be523580a11cdb20e2c7c470adf44ec9bb,242
0x57b116da40f21f91aec57329ecb763d29c1b2355,1027
0xd1ceeeefa68a6af0a5f6046132d986066c7f9426,200
0x419d0d8bdd9af5e606ae2232ed285aff190e711b,314
0xaa1a6e3e6ef20068f7f8d8c835d2d22fd5116444,17
0x275b69aa7c8c1d648a0557656bce1c286e69a29d,218
0xef68e7c694f40c8202821edf525de3782458639f,236
0x595832f8fc6bf59c85c527fec3740a1b7a361269,81
0x02b3c88b805f1c6982e38ea1d40a1d83f159c3d4,104
0xf629cbd94d3791c9250152bd8dfbdf380e2a3b9c,230
0x9a642d6b3368ddc662ca244badf32cda716005bc,70
0xcb97e65f07da24d46bcdd078ebebd7c6e6e3d750,69
0xe530441f4f73bdb6dc2fa5af7c3fc5fd551ec838,168
0x6f259637dcd74c767781e37bc6133cd6a68aa161,77
0x5ca9a71b1d01849c0a95490cc00559717fcf0d1d,132
0x58959e0c71080434f237bd42d07cd84b74cef438,132
0x08ceed1e8db59acbb687a5752f0a7db815cfda5e,158
0x8912358d977e123b51ecad1ffa0cc4a7e32ff774,128
0x818fc6c2ec5986bc6e2cbf00939d90556ab12ce5,407
0xb363a3c584b1f379c79fbf09df015da5529d4dac,216
0xece701c76bd00d1c3f96410a0c69ea8dfcf5f34e,1114
0xfa1a856cfa3409cfa145fa4e20eb270df3eb21ab,77
0x514910771af9ca656af840dff83e8264ecf986ca,159
0x7415c7bf3e2415fa9a55f1fd8b6fccf2914c39a6,62
0x0f5d2fb29fb7d3cfee444a200298f468908cc942,150
0xc5bbae50781be1669306b9e001eff57a2957b09d,205
0xa68920f6d3c996ac3c232e4e93914e9d76150735,41
0xceec7aaa57e3a77c73a9954b9b7d5b32ab688318,813
0xf1ca9cb74685755965c7458528a36934df52a3ef,198
0xa62142888aba8370742be823c1782d17a0389da1,1145
0x7600977eb9effa627d6bd0da2e5be35e11566341,412
0x3597bfd533a99c9aa083587b074434e61eb0a258,291
0x041fe8df8b4aaa868941eb877952f17babe57da5,218
0xa37d94e80eab7a5bcb6d2e76b7666e341e4b58f6,89
0x1776e1f26f98b1a5df9cd347953a26dd3cb46671,299
0x58a4884182d9e835597f405e5f258290e46ae7c2,97
0x08f5a9235b08173b7569f83645d2c7fb55e8ccd8,125
0xd97e471695f73d8186deabc1ab5b8765e667cd96,299
0xf85feea2fdd81d51177f6b8f35f0e6734ce45f5f,151
0xb63b606ac810a52cca15e44bb630fd42d8d1d83d,282
0xbf2179859fc6d5bee9bf9158632dc51678a4100e,256
0x89d24a6b4ccb1b6faa2625fe562bdd9a23260359,238
0x8f8221afbb33998d8584a2b05749ba73c37a938a,360
0x08d32b0da63e2c3bcf8019c9c5d849d7a9d791e6,181
0xe94327d07fc17907b4db788e5adf2ed424addff6,169
0x9992ec3cf6a55b00978cddf2b27bc6882d88d1ec,94
0xf0f8b0b8dbb1124261fc8d778e2287e3fd2cf4f5,98
0xf3586684107ce0859c44aa2b2e0fb8cd8731a15a,142
0xb6ed7644c69416d67b522e20bc294a9a9b405b31,214
0x4dc3643dbc642b72c158e7f3d2ff232df61cb6ce,317
0x048717ea892f23fb0126f00640e2b18072efd9d2,1517
0x6ea6531b603f270d23d9edd2d8279135dc5d6773,55
0x891f460176f180836f53b729ffb27cfcc7d74d71,70
0x0abdace70d3790235af448c88547603b945604ea,865
0x007ac2f589eb9d4fe1cea9f46b5f4f52dab73dd4,138
0x9d9223436ddd466fc247e9dbbd20207e640fef58,171
0x6c6ee5e31d828de241282b9606c8e98ea48526e2,142
0xa701122c1b67220a8b6883d03c8ad67896b12466,225
0x867ffb5a3871b500f65bdfafe0136f9667deae06,452
0xb7cb1c96db6b22b0d3d9536e0108d062bd488f74,74
0x419c4db4b9e25d6db2ad9691ccb832c8d9fda05e,123
0xd0929d411954c47438dc1d871dd6081f5c5e149c,224
0x182ebf4c80b28efc45ad992ecbb9f730e31e8c7f,229
0xf1def7f0e620f39531eb352fe13da6825218e7df,174
0xf34839b310097fcb4cf3a302dda8cc9b57501083,174
0x6c8dce6d842e0d9d109dc4c69f35cf8904fc4cbf,128
0x8713d26637cf49e1b6b4a7ce57106aabc9325343,102
0x818e6fecd516ecc3849daf6845e3ec868087b755,400
0xd91e45416bfbbec6e2d1ae4ac83b788a21acf583,1504
0xd077c09a7e65c4cca490a776d5e395fb4fe7179a,881
0xfcca0c5ccd723baf6bf7f6678c8cfb49ce0042c7,155
0x3883f5e181fccaf8410fa61e12b59bad963fb645,130
0x12480e24eb5bec1a9d4369cab6a80cad3c0a377a,132
0xb68042de5b3da08a80c20d29aefab999d0848385,150
0x4cc29dd2b01a3e0ed005c6e2deb5b3666e4c240c,223
0xe7d7b37e72510309db27c460378f957b1b04bd5d,208
0xbb9bc244d798123fde783fcc1c72d3bb8c189413,658
0x49592d97be49033615a7fbc02c6853e4c58eb9bc,32
0xa39631972f19a8be52bd95455440d984f27e8f85,70
0x27695e09149adc738a978e9a678f99e4c39e9eb9,265
0xd56c90a1b12c93bb48e9a0904a2a1e1d9dcb5161,190
0x3cc83c2400e00a54fa1e588d62bc28bf15d5def5,158
0x816051e2203ca534c4336d8d6df71987fa3ae0bd,174
0x99ea4db9ee77acd40b119bd1dc4e33e1c070b80d,202
0x4b5bc97407898339eca79b541cee9b8b79ccda40,529
0x0777f76d195795268388789343068e4fcd286919,693
0x1f5cfb9a00b86bf9982970382bdb900b7744a559,109
0x358d12436080a01a16f711014610f8a4c2c2d233,357
0x4b14f1aaa878ccf70d58aec682592dcd0fe025ba,89
0xd48b633045af65ff636f3c6edd744748351e020d,775
0xcde3ef6cacf84ad36d8a6eccc964f25351296d36,149
0x5af2be193a6abca9c8817001f45744777db30756,282
0x960b236a07cf122663c4303350609a66a7b288c0,507
0x5121e348e897daef1eef23959ab290e5557cf274,107
0x317572aabc73d59fc55f923750d1c51680fd28b4,141
0x80fb784b7ed66730e8b1dbd9820afd29931aab03,197
0x1f573d6fb3f13d689ff844b4ce37794d79a7ff1c,197
0xddaaf4a0702a03a4505f2352a1aba001ffc344be,169
0x7e9e431a0b8c4d532c745b1043c7fa29a48d4fba,109
0x4ccc3759eb48faf1c6cfadad2619e7038db6b212,174
0x0cfda67b0067f1a99deb1cb80e0273a3f26d317c,174
0x7ed172530f9822cd0573b895853e3f745f4108b4,342
0x8e870d67f660d95d5be530380d0ec0bd388289e1,104
0x9f0f1be08591ab7d990faf910b38ed5d60e4d5bf,240
0xba51ff3802aa3170ce7ac7ac001831ca3eb6eeea,152
0xe99ddae9181957e91b457e4c79a1b577e55a5742,174
0xea5ab833aff71bd7d280f0a0bc86423d1703288a,123
0x49a8adec52a92727f72b5ca8440b0c4379d171dc,159
0x1a77cc30e8d7cb528520cda6b29279e7d859896a,67
0xe251524df2bc0b83716749dc71975f173a5ef35c,77
0x54f0e3b0d7ccbb65e56d166350aa86f7e71ce20b,218
0xd2bd6415db70a0f0b26c973b15b63bac74f5c9c6,170
0xd0a4b8946cb52f0661273bfbc6fd0e0c75fc6433,176
0x8f3470a7388c05ee4e7af3d01d8c722b0ff52374,110
0x888666ca69e0f178ded6d75b5726cee99a87d698,99
0xedce883162179d4ed5eb9bb2e7dccf494d75b3a0,108
0x61f33da40594cec1e3dc900faf99f861d01e2e7d,150
0x516e5436bafdc11083654de7bb9b95382d08d5de,67
0xcba8162778e6a3eba60e1cf7c012b327340bd05d,63
0xe6b75a1960f91bfa7010dec8543685ead67f8cff,158
0x82070415fee803f94ce5617be1878503e58f0a6a,312
0x69b148395ce0015c13e36bffbad63f49ef874e03,103
0xe25bcec5d3801ce3a794079bf94adf1b8ccd802d,176
0x922105fad8153f516bcfb829f56dc097a0e1d705,117
0x809826cceab68c387726af962713b64cb5cb3cca,184
0x2eb86e8fc520e0f6bb5d9af08f924fe70558ab89,71
0x32776933663b27ebcda98b07c4958ec74c0bafb1,174
0xf433089366899d83a9f26a773d59ec7ecf30355e,96
0x53066cddbc0099eb6c96785d9b3df2aaeede5da3,91
0xd6df5935cd03a768b7b9e92637a01b25e24cb709,203
0xb7ac09c2c0217b07d7c103029b4918a2c401eecb,858
0x9f89388141c632c4c6f36d1060d5f50604ee3abc,419
0xc5807256e2e2fe85ca94c3617c4bc5ff2bd9cfb6,207
0x9b4e2b4b13d125238aa0480dd42b4f6fc71b37cc,66
0xbab165df9455aa0f2aed1f2565520b91ddadb4c8,80
0x4ceda7906a5ed2179785cd3a40a69ee8bc99c466,345
0xa57a2ad52ad6b1995f215b12fc037bffd990bc5e,266
0xf3db7560e820834658b590c96234c333cd3d5e5e,107
0x8f136cc8bef1fea4a7b71aa2301ff1a52f084384,62
0x6d5cac36c1ae39f41d52393b7a425d0a610ad9f2,433
0xd4c435f5b09f855c3317c8524cb1f586e42795fa,291
0x242aa8c63aab36df59ce19aaccd020fe4114c349,329
0x9064c91e51d7021a85ad96817e1432abf6624470,65
0xcbc6a023eb975a1e2630223a7959988948e664f3,684
0x3520ba6a529b2504a28eebda47d255db73966694,247
0x039b5649a59967e3e936d7471f9c3700100ee1ab,41
0x1a95b271b0535d15fa49932daba31ba612b52946,101
0x4470bb87d77b963a013db939be332f927f2b992e,400
0x228ba514309ffdf03a81a205a6d040e429d6e80c,163
0x8dd5fbce2f6a956c3022ba3663759011dd51e73e,496
0xf7920b0768ecb20a123fac32311d07d193381d6f,258
0x0b76544f6c413a555f309bf76260d1e02377c02a,123
0x8bbf4dd0f11b3a535660fd7fcb7158daebd3a17e,175
0x177d39ac676ed1c67a2b268ad7f1e58826e5b0af,248
0x46b9ad944d1059450da1163511069c718f699d31,173
0x219218f117dc9348b358b8471c55a073e5e0da0b,242
0x79650799e7899a802cb96c0bc33a6a8d4ce4936c,44
0x69c4bb240cf05d51eeab6985bab35527d04a8c64,153
0x49e033122c8300a6d5091acf667494466ee4a9d2,68
0x4b317864a05c91225ab8f401ec7be0aeb87e9c12,99
0x4cd988afbad37289baaf53c13e98e2bd46aaea8c,308
0x88d50b466be55222019d71f9e8fae17f5f45fca1,81
0x39bb259f66e1c59d5abef88375979b4d20d98022,151
0x0c073c92e7684031cfc297b83ecc33619e864d18,766
0xb70835d7822ebb9426b56543e391846c107bd32c,308
0x72dd4b6bd852a3aa172be4d6c5a6dbec588cf131,198
0xb9bb08ab7e9fa0a1356bd4a39ec0ca267e03b0b3,204
0x2bf91c18cd4ae9c2f2858ef9fe518180f7b5096d,221
0x9ab165d795019b6d8b3e971dda91071421305e5a,66
0xea26c4ac16d4a5a106820bc8aee85fd0b7b2b664,280
0x4f878c0852722b0976a955d68b376e4cd4ae99e5,54
0x1e41a55030e0d0794abfb6dced22e6c7d18d8247,57
0x48f775efbe4f5ece6e0df2f7b5932df56823b990,70
0x667088b212ce3d06a1b553a7221e1fd19000d9af,223
0x68d57c9a1c35f63e2c83ee8e49a64e9d70528d25,490
0x286bda1413a2df81731d4930ce2f862a35a609fe,153
0x4e0603e2a27a30480e5e3a4fe548e29ef12f64be,130
0x9e9801bace260f58407c15e6e515c45918756e0f,86
0x355a458d555151d3b27f94227960ade1504e526a,72
0x752ff65b884b9c260d212c804e0b7aceea012473,243
0xfb0f7189b354660e649ae14261a9fe0e8febf369,62
0x09678741bd50c3e74301f38fbd0136307099ae5d,326
0x943ed852dadb5c3938ecdc6883718df8142de4c8,71
0x618e75ac90b12c6049ba3b27f5d5f8651b0037f6,133
0xd780ae2bf04cd96e577d3d014762f831d97129d0,1404
0xb98d4c97425d9908e66e53a6fdf673acca0be986,151
0x11016adcb85b65a0da8d8ddc3ade69dbad6bbca4,117
0xf0ee6b27b759c9893ce4f094b49ad28fd15a23e4,143
0xe3818504c1b32bf1557b16c238b2e01fd3149c17,309
0xb62132e35a6c13ee1ee0f84dc5d40bad8d815206,293
0x6810e776880c02933d47db1b9fc05908e5386b96,87
0x4cf488387f035ff08c371515562cba712f9015d4,184
0xf970b8e36e23f7fc3fd752eea86f8be8d83375a6,148
0xa5e99ad202bdd71d3518306cf4dd163261981af1,125
0x1985365e9f78359a9b6ad760e32412f4a445e862,504
0x0651842ee1f973367138cd512709d81bf8a62217,218
0xe36df5bb57e80629cfc28a31e5f794071c085eca,109
0xa37adde3ba20a396338364e2ddb5e0897d11a91d,203
0xb7bbf6d2f5372022cc07b6677a9eb49ce78da8c3,1
0x3839416bd0095d97be9b354cbfb0f6807d4d609e,546
0xcdcfc0f66c522fd086a1b725ea3c0eeb9f9e8814,98
0xa4e8c3ec456107ea67d3075bf9e3df3a75823db0,101
0x976010db5538f0c1daf9f3855b8504721a23e5d4,97
0x23352036e911a22cfc692b5e2e196692658aded9,219
0xd8698a985b89650d0a70f99ad2909bd0c0b4b51c,598
0x85429f986a5cc38f90de7b4ffa44d570eef04066,449
0x0be3e6e3d9e99036ccce4fd0b692016de860aa62,240
0x5c3a228510d246b78a3765c20221cbf3082b44a4,456
0x08711d3b02c8758f2fb3ab4e80228418a7f8e39c,72
0xe0b7927c4af23765cb51314a0e0521a9645f0e2a,322
0x006bea43baa3f7a6f765f14f10a1a1b08334ef45,434
0xb3203db25a01fa7950a860b42b899ad7da52ddd6,72
0x9a07fd8a116b7e3be9e6185861496af7a2041460,339
0x6c3be406174349cfa4501654313d97e6a31072e1,112
0x5d65d971895edc438f465c17db6992698a52318d,175
0x70a72833d6bf7f508c8224ce59ea1ef3d0ea3a38,126
0xee6bd04c6164d7f0fa1cb03277c855639d99a7f6,221
0xfe5f141bf94fe84bc28ded0ab966c16b17490657,102
0x0affa06e7fbe5bc9a764c979aa66e8256a631f02,213
0x1e797ce986c3cff4472f7d38d5c4aba55dfefe40,156
0xbd13e53255ef917da7557db1b7d2d5c38a2efe24,419
0xa0b73e1ff0b80914ab6fe0444e65848c4c34450b,323
0x96a65609a7b84e8842732deb08f56c3e21ac6f8a,230
0x8c9b261faef3b3c2e64ab5e58e04615f8c788099,1098
0xd01c92937400dd1ece24992b1dc44aeaa47ae72a,835
0x624d520bab2e4ad83935fa503fb130614374e850,65
0x347ed75c305f4ab85757bfcc5600d9bfcb413898,241
0x255aa6df07540cb5d3d297f0d0d4d84cb52bc8e6,311
0x1924e89d9e321efbae49df3bcb3eddf3fe744ef4,74
0x85e076361cc813a908ff672f9bad1541474402b2,80
0xc6725ae749677f21e4d8f85f41cfb6de49b9db29,479
0x410af23334e26aa13c1f3e630bae006bdd313264,406
0xb2f7eb1f2c37645be61d73953035360e768d81e6,177
0xb9280b318a84df5891610f27625b0741951b94b4,279
0x448a5065aebb8e423f0896e6c5d525c040f59af3,555
0x7d2624470429a4fa48f09206238749fbbb45eaa8,225
0xe8780b48bdb05f928697a5e8155f672ed91462f7,196
0xf3db5fa2c66b7af3eb0c0b782510816cbe4813b8,213
0x607f4c5bb672230e8672085532f7e901544a7375,130
0x98b4ca8bd52e4ed1f28d3f30d9f567d1166c9483,193
0x7a6542e629630a6a2c89ccce098386dcec39f6cf,218
0x8971f9fd7196e5cee2c1032b50f656855af7dd26,116
0x26c7bdd051318b48092390eabd1b69fce5080b25,174
0x6fb3e0a217407efff7ca062d46c26e5d60a14d69,164
0x0000000000b3f879cb30fe243b4dfee438691c04,167
0x8eb24319393716668d768dcec29356ae9cffe285,169
0x7b45a572ea991887a01fd919c05edf1cac79c311,342
0xbe428c3867f05dea2a89fc76a102b544eac7f772,118
0xd65960facb8e4a2dfcb2c2212cb2e44a02e2a57e,105
0x010589b7c33034b802f7dba2c88cc9cec0f46673,108
0x23a3db04432123ccdf6ef4459684329cc7c0b022,156
0xdf2c7238198ad8b389666574f2d8bc411a4b7428,186
0xba5f11b16b155792cf3b2e6880e8706859a8aeb6,103
0x3f17dd476faf0a4855572f0b6ed5115d9bba22ad,134
0xaf30d2a7e90d7dc361c8c4585e9bb7d2f6f15bc7,163
0x311f71389e3de68f7b2097ad02c6ad7b2dde4c71,426
0x9a2d163ab40f88c625fd475e807bbc3556566f80,233
0x986ee2b944c42d017f52af21c4c69b84dbea35d8,112
0xba3ed686cc32ffa8664628b1e96d8022e40543de,818
0x5732046a883704404f284ce41ffadd5b007fd668,220
0x80a7e048f37a50500351c204cb407766fa3bae7f,118
0xb6f43025b29196af2dddd69b0a58afba079cd600,70
0x6aba1623ea906d1164cbb007e764ebde2514a2ba,78
0xed494c9e2f8e34e53bdd0ea9b4d80305cb15c5c2,104
0x2c4e8f2d746113d0696ce89b35f0d8bf88e0aeca,213
0x351d5ea36941861d0c03fdfb24a8c2cb106e068b,139
0xdf6164efd12678bf6a7d5a1ddf73c831493f6574,826
0x735af341f2d9ce3663616cd84ff522dbf62fbc1f,202
0xf6b6aa0ef0f5edc2c1c5d925477f97eaf66303e7,218
0x67bc56caad630dc1719b14a540adc8e9968325c3,77
0x1c83501478f1320977047008496dacbd60bb15ef,1179
0x136723300aef2aab4b7cf52c3eaac6f997e12a68,68
0x5136c98a80811c3f46bdda8b5c4555cfd9f812f0,286
0x0e0989b1f9b8a38983c2ba8053269ca62ec9b195,205
0xc56b13ebbcffa67cfb7979b900b736b3fb480d78,268
0x7be8076f4ea4a4ad08075c2508e481d6c946d12b,1055
0x5b2e4a700dfbc560061e957edec8f6eeeb74a320,149
0x78f5bbc74fb9137a75d85f3c9c3c599be49f0a56,64
0x1d462811562cc3675375a6d00c1618a370c27836,174
0x8e1b448ec7adfc7fa35fc2e885678bd323176e34,151
0x40395044ac3c0c57051906da938b54bd6557f212,143
0xb89570f6ad742cb1fd440a930d6c2a2ea29c51ee,639
0x8080b66e7505db9bd1d7bb44a7b9518754c8d26b,104
0x9f91b5aa41b9fbdae6877593910586484d291f05,452
0x48bd67ad140c9d10f94099c1cef7ab17d90ac335,124
0x3f9c0a5773817ffaa5a1061e1e33c1d9c8888dff,225
0xb2089a7069861c8d90c8da3aacab8e9188c0c531,121
0xc55a13e36d93371a5b036a21d913a31cd2804ba4,241
0xc7af99fe5513eb6710e6d5f44f9989da40f27f26,288
0x1ed3d2c916cab00631cce4b08a7f880d4badae94,822
0x9cfed76501ac8cf181a9d9fead5af25e2c901959,218
0x3893b9422cd5d70a81edeffe3d5a1c6a978310bb,80
0x2c33f5fde437ad4c1de85d5d5cb864921ab583af,76
0xc54083e77f913a4f99e1232ae80c318ff03c9d17,71
0x33fbc07d9d9456d9e6d8316aa87792a20d3ad448,130
0x27054b13b1b798b345b591a4d22e6562d47ea75a,140
0x445f51299ef3307dbd75036dd896565f5b4bf7a5,243
0xaae81c0194d6459f320b70ca0cedf88e11a242ce,261
0x3cd9024168e6240b4f18b466d9bea9f8efc66004,122
0xdc30a5baf62f3ce8d7e74a272bc139fbb7a0cab4,174
0x4dcadd9adfd450c2ef997bb71888c2995e2d33a0,65
0xe5a04d98538231b0fab9aba60cd73ce4ff3039df,1006
0x9d86b1b2554ec410eccffbf111a6994910111340,153
0xfca47962d45adfdfd1ab2d972315db4ce7ccf094,276
0xf4985070ce32b6b1994329df787d1acc9a2dd9e2,304
0x63f584fa56e60e4d0fe8802b27c7e6e3b33e007f,185
0xd204616e2ecf6d0b27ee79207c4ba54f91182a9d,133
0x103c3a209da59d3e7c4a89307e66521e081cfdf0,132
0xe7232a9fd8bf427aa41918bc008d32290e22990e,697
0xaec2e87e0a235266d9c5adc9deb4b2e29b54d009,156
0x558ec3152e2eb2174905cd19aea4e34a23de9ad6,138
0xf8dbfd7098c0fe93daf06006d040f45a6e4390cf,78
0x798f509bade66b9f20980abb0dcc024ca7afc530,227
0x6400b5522f8d448c0803e6245436dd1c81df09ce,150
0xc8ffd394421e09cb48b620dda56168171ca35ab7,140
0xacce88f5a63a5e65db9aa7303720be16b556e751,93
0x4c0ff1b2c1ef5e2b3dd2c74023cbf7ae36f01391,235
0xbf83c5368b56d8408858d06f1bce15c1261fbe8f,46
0x30cecb5461a449a90081f5a5f55db4e048397bab,106
0x6733d909e10ddedb8d6181b213de32a30ceac7ed,71
0x58d0a58e4b165a27e4e1b8c2a3ef39c89b581180,68
0xc88be04c809856b75e3dfe19eb4dcf0a3b15317a,219
0x498d99de4268cebca264887f591c4ba8fac042e4,164
0x8bcb64bfda77905398b67af0af084c744e777a20,335
0xa33e729bf4fdeb868b534e1f20523463d9c46bee,140
0x68c86ea06b8c6f2618cf680528107ef695e8dbd6,72
0x1844b21593262668b7248d0f57a220caaba46ab9,184
0x4e15361fd6b4bb609fa63c81a2be19d873717870,361
0xba5f00a28f732f23ba946c594716496ebdc9aef5,65
0x26e75307fc0c021472feb8f727839531f112f317,330
0x8ba49452e12449240425de9895b1aa51f5f3b90d,1
0xeda8b016efa8b1161208cf041cd86972eee0f31e,729
0xcdb7ecfd3403eef3882c65b761ef9b5054890a47,119
0x28c69cd429f785954ae4b0263db4d9871c033ca7,158
0x0f71b8de197a1c84d31de0f1fa7926c365f052b3,379
0x43030fe232ff28b628c58c1466e9238487f2d670,135
0x254ef3fcae7b468e5ae36d55d9ebb1c5dff21e64,126
0xfd8971d5e8e1740ce2d0a84095fca4de729d0c16,262
0x14ddda446688b73161aa1382f4e4343353af6fc8,145
0xf46f98a8f6032914921ae9cfb5aaab5083bd9376,96
0x558c62533def5e9d77a7e555490c0e2889eacf3a,122
0xd6d62024d82b5bf4fe4a9e214991743d543f1673,218
0x4df9500a02d64dcff99562ad128432832bac29a4,109
0xe30a76ec9168639f09061e602924ae601d341066,174
0x4212fea9fec90236ecc51e41e2096b16ceb84555,71
0x9f138d5d9e24186ec96b35e5b5530c907860a78d,95
0x9d8be94d0612170ce533ac4d7b43cc3cd91e5a1a,195
0x0bb217e40f8a5cb79adf04e1aab60e5abd0dfc1e,132
0x4ed25d8577feb83946b1548998fb7b157ead8bb9,77
0xe5dada80aa6477e85d09747f2842f7993d0df71c,313
0xff603f43946a3a28df5e6a73172555d8c8b02386,134
0x5d4abc77b8405ad177d8ac6682d584ecbfd46cec,200
0x100c2982e01679be991428448a7b8371af0cf478,301
0xa5b46ff9a887180c8fb2d97146398ddfc5fef1cd,174
0x528d068ae69e90c90ad090b3c2b0d18241e9e9b5,151
0x6f6deb5db0c4994a8283a01d6cfeeb27fc3bbe9c,526
0xabbbb6447b68ffd6141da77c18c7b5876ed6c5ab,132
0xfbc6336ea5319daba3a1d6fa3028fc54a9022f9a,47
0x701c244b988a513c945973defa05de933b23fe1d,371
0xe5b9746dfcc2ef1054d47a451a77bb5f390c468d,214
0xfa05a73ffe78ef8f1a739473e462c54bae6567d9,496
0xa4d17ab1ee0efdd23edc2869e7ba96b89eecf9ab,76
0x1ebd8d3ca115451b9b6bbaa7ee2f7b0f96e49fd8,66
0xfb5a551374b656c6e39787b1d3a03feab7f3a98e,184
0xb91318f35bdb262e9423bc7c7c2a3a93dd93c92c,70
0x13f25cd52b21650caa8225c9942337d914c9b030,65
0x58aff91f5b48245bd83deeb2c7d31875f68b3f0d,113
0x3e3b311cd6ed7f27432f82a08fbca19141cc0509,352
0x7d3b3b1aef60bf891bc2ad3c202f791707f0645c,174
0x2f85e502a988af76f7ee6d83b7db8d6c0a823bf9,24
0xe34e1944e776f39b9252790a0527ebda647ae668,176
0x4824a7b64e3966b0133f4f4ffb1b9d6beb75fff7,151
0x08b67e38b4ecc788eb0cfbab72074c374ecddbf3,203
0x7b00ae36c7485b678fe945c2dd9349eb5baf7b6b,107
0x9f8f72aa9304c8b593d555f12ef6589cc3a579a2,236
0x7bcec0ef877533ab557add0db19f833fdc18181c,102
0x9a0242b7a33dacbe40edb927834f96eb39f8fbcb,162
0x584b44853680ee34a0f337b712a8f66d816df151,164
0x1519aff03b3e23722511d2576c769a77baf09580,77
0x81ea14e770101e2dfa61df3f38b663084bb0b7e8,105
0x6c2adc2073994fb2ccc5032cc2906fa221e9b391,129
0x5e6b6d9abad9093fdc861ea1600eba1b355cd940,65
0xc81774fd1b51bc7e26b2bad562dcdb0a2cbebaf2,149
0x4ae0ede482f825fb9cccce8f0fe089f0379eaa2a,245
0xc44948cbbaf37a4d7f1315c08972b4338080bf59,105
0xaf4dce16da2877f8c9e00544c93b62ac40631f16,91
0xc5903fe72a9530e4382187f729ccc050d7e89fae,343
0x51c6a6ef1352578ff01b078313e6779b88bdcb1e,74
0x29536b7ca7029b5cddeb03c0451715615aca35ba,72
0x58b6a8a3302369daec383334672404ee733ab239,144
0x342156c8d3ba54abc67920d35ba1d1e67201ac9c,225
0x0ac10bf0342fa2724e93d250751186ba5b659303,778
0xd366908c2f249537f905bdae5a77272a9fbda127,182
0x57ad67acf9bf015e4820fbd66ea1a21bed8852ec,109
0x36905fc93280f52362a1cbab151f25dc46742fb5,100
0xd0352a019e9ab9d757776f532377aaebd36fd541,103
0x94cb815f4b601b00b363b3177b4d8ed8e0eb7cf2,86
0xea11755ae41d889ceec39a63e6ff75a02bc1c00d,154
0xd294fb1b8b1169dc634017f60d9ca36a5701bd7d,71
0x4cc19356f2d37338b9802aa8e8fc58b0373296e7,449
0x9b11efcaaa1890f6ee52c6bb7cf8153ac5d74139,96
0x905e337c6c8645263d3521205aa37bf4d034e745,129
0x5ef3260396e263dfcd0ee9d66b258da77101fcbe,217
0x491c9a23db85623eed455a8efdd6aba9b911c5df,111
0xcbcc0f036ed4788f63fc0fee32873d6a7487b908,154
0xd2f81cd7a20d60c0d558496c7169a20968389b40,1411
0x4eac6df4b1d8e2faa125d10ba2531b491114c6b6,71
0x2d0e95bd4795d7ace0da3c0ff7b706a5970eb9d3,54
0x05c7065d644096a4e4c3fe24af86e36de021074b,233
0xebbdf302c940c6bfd49c6b165f457fdb324649bc,136
0xddddddd1fd4e3708869c00cabe6b0b9d15181bb9,558
0x9899af5aa1efa90921d686212c87e70f4fbea035,213
0xaa69ff87ef591b0684311be365a4fc597715b6ef,73
0x9b20dabcec77f6289113e61893f7beefaeb1990a,105
0xca896381b8b0f5a73dd2122e261f1e8eee3e8b0e,171
0x2cb4b49c0d6e9db2164d94ce48853bf77c4d883e,706
0x81c30c0e827e732878f8df74a63a8df63934da27,158
0x57c8d5d5b87a1580fdaf996cef674bb0d7f14c98,264
0xa4ea687a2a7f29cf2dc66b39c68e4411c0d00c49,105
0xe4c94d45f7aef7018a5d66f44af780ec6023378e,638
0x62caf75a67252f7be236a7335fed1410c7434b7f,333
0xe75ad3aab14e4b0df8c5da4286608dabb21bd864,106
0x81c9151de0c8bafcd325a57e3db5a5df1cebf79c,141
0xe12871cf4c9a64e87959c1cf7c18dca1cc2d07c6,158
0x1c4481750daa5ff521a2a7490d9981ed46465dbd,421
0xffa93aacf49297d51e211817452839052fdfb961,179
0xc4bcd64cb216d49fd3c643a32762f34626b45a1a,113
0x38c6a68304cdefb9bec48bbfaaba5c5b47818bb2,210
0x55f93985431fc9304077687a35a1ba103dc1e081,169
0xf9e5af7b42d31d51677c75bbbd37c1986ec79aee,459
0x331d077518216c07c87f4f18ba64cd384c411f84,435
0x5ecd84482176db90bb741ddc8c2f9ccc290e29ce,65
0x86cd9cd0992f04231751e3761de45cecea5d1801,1926
0x4d3ddfee61326469a1b353920a313f226ea84314,174
0xffe02ee4c69edf1b340fcad64fbd6b37a7b9e265,324
0xaa7a9ca87d3694b5755f213b5d04094b8d0f0a6f,229
0x6a27348483d59150ae76ef4c0f3622a78b0ca698,96
0xcb94be6f13a1182e4a4b6140cb7bf2025d28e41b,80
0x127cae460d6e8d039f1371f54548190efe73e756,67
0x55296f69f40ea6d20e478533c15a6b08b654e758,71
0xf3dd3acf1662a564e15d7569fd80c105596e8846,99
0xd2299b3098cf5e13144caebfdad61ebe505233dc,76
0x8d8812b72d1e4ffcec158d25f56748b7d67c1e78,1005
0x8d75959f1e61ec2571aa72798237101f084de63a,202
0x4bffc9b4d4dcf730820a2edcad48ff5d7e0ae807,151
0xba9d4199fab4f26efe3551d490e3821486f135ba,224
0xadd9b56a2be55b6310ca4d9412381863c6d74bc9,25
0x957c30ab0426e0c93cd8241e2c60392d08c6ac8e,272
0x04cd48c02807a5b2443c6e50e274479642c41232,1
0x51db5ad35c671a87207d88fc11d593ac0c8415bd,176
0x53a0f816c2ba51565cdc850ac314c42cb33cbfc8,71
0xaad54c9f27b876d2538455dda69207279ff673a5,110
0xadebeafcdcf5de0a5a7f7dfdd467b0e9fb205be9,159
0xc8058d59e208399b76e66da1ec669dd6b1bee2ea,233
0xe17dbb844ba602e189889d941d1297184ce63664,310
0x653430560be843c4a3d143d0110e896c2ab8ac0d,93
0x7090a6e22c838469c9e67851d6489ba9c933a43f,78
0x72adadb447784dd7ab1f472467750fc485e4cb2d,224
0x2c974b2d0ba1716e644c1fc59982a89ddd2ff724,154
0x1d462414fe14cf489c7a21cac78509f4bf8cd7c0,55
0x304e52b3a2d5ff618da436134e9a6c405e4b0a22,86
0x9d8e0b763e43975008528ea2e18ba547c40722e1,158
0xc42209accc14029c1012fb5680d95fbd6036e2a0,132
0x781fb4f25d07de3f3cfe2476645e52e0c661eefc,174
0xb626a5facc4de1c813f5293ec3be31979f1d1c78,454
0x865ec58b06bf6305b886793aa20a2da31d034e68,169
0xcdf7cfc9f7c129a0d7aec376bc205ab87fc878e1,338
0xe7775a6e9bcf904eb39da2b68c5efb4f9360e08c,213
0xafb559485401f81fcab7af7f5b5f6dd3b962c63f,168
0xaf2dc9d375d3de6535d8c8aa2096371b8d5df8fd,174
0x8fd3121013a07c57f0d69646e86e7a4880b467b7,157
0xda022ca91df99413e8cb0caab4d1cba4e9018bea,65
0x1a7a8bd9106f2b8d977e08582dc7d24c723ab0db,287
0x5d48aca3954d288a5fea9fc374ac48a5dbf5fa6d,236
0x622dffcc4e83c64ba959530a5a5580687a57581b,645
0x1014613e2b3cbc4d575054d4982e580d9b99d7b1,106
0xd1f1c5ff90fb6f3b0d57f5f6ad4aaf7400f4b39b,186
0x519475b31653e46d20cd09f9fdcf3b12bdacb4f5,94
0xe57cf6e88505f36954e7c8e6ca9d6b645d030375,218
0xb0d761755efc1a7c45391815e0057b9598ddae18,198
0x111111f7e9b1fe072ade438f77e1ce861c7ee4e3,177
0x80bc5512561c7f85a3a9508c7df7901b370fa1df,236
0x10086399dd8c1e3de736724af52587a2044c9fa2,423
0xf7b098298f7c69fc14610bf71d5e02c60792894c,139
0x2e954cfc5cb4f089f5f3d7331449861249106d85,111
0xd8002cd05d5b2a85557e1caaa179cc2408d5ad42,97
0x153ed9cc1b792979d2bde0bbf45cc2a7e436a5f9,146
0xda6cb58a0d0c01610a29c5a65c303e13e885887c,152
0xdfb410994b66778bd6cc2c82e8ffe4f7b2870006,122
0x8b1f49491477e0fb46a29fef53f1ea320d13c349,224
0xfae4ee59cdd86e3be9e8b90b53aa866327d7c090,72
0x1dfabf381d80dd29d43bc347207b30a5c484bbd0,43
0x5f53f7a8075614b699baad0bc2c899f4bad8fbbf,201
0xd99b8a7fa48e25cce83b81812220a3e03bf64e5f,115
0xa3db33ccfe990fdf89ff311754391b5c3af4ef04,93
0x9d9832d1beb29cc949d75d61415fd00279f84dc2,325
0xf3b3cad094b89392fce5fafd40bc03b80f2bc624,156
0x95cee155a405c45b1c5fe5328b4618acedd9be8d,84
0x1234567461d3f8db7496581774bd869c83d51c93,211
0xced4e93198734ddaff8492d525bd258d49eb388e,288
0x4485561db76614ff727f8e0a3ea95690b8b16022,211
0x8ad6739649f1fbf079882c14d27862d5c2206660,186
0xad640689e6950b7453729a4686edb3fdfd754616,139
0xf8c595d070d104377f58715ce2e6c93e49a87f3c,94
0xf9918ce795c6cdea4875a906512bbc15a7d61abd,158
0x1410434b0346f5be678d0fb554e5c7ab620f8f4a,216
0x5c1b16991ee5c7555a340dd72bb293a5eaadd8ac,71
0xe7d3e4413e29ae35b0893140f4500965c74365e5,144
0x10dc623fcb8a3c151875f03d442103cbf6469be6,93
0xc528c28fec0a90c083328bc45f587ee215760a0f,101
0xa6a840e50bcaa50da017b91a0d86b8b2d41156ee,193
0x642f4be6da9d9daa9076f8d161b15a166e966069,173
0x017925fdb447544da8ed671b5305461cfc6c6e1d,204
0xff56cc6b1e6ded347aa0b7676c85ab0b3d08b0fa,171
0xafbec4d65bc7b116d85107fd05d912491029bf46,139
0x1dc2189b355b5f53b5fdf64d22891900b19fb5ea,193
0xb9ab8eed48852de901c13543042204c6c569b811,829
0x408e41876cccdc0f92210600ef50372656052a38,169
0x65292eeadf1426cd2df1c4793a3d7519f253913b,111
0x8a77e40936bbc27e80e9a3f526368c967869c86d,97
0xb37a769b37224449d92aac57de379e1267cd3b00,147
0xafd75caff5c1d402cbf3692e289775438df6a9f0,95
0xa159656d4d32d4cdc40bc795978142e4b676c198,128
0x04f2e7221fdb1b52a68169b25793e51478ff0329,170
0x9eec65e5b998db6845321baa915ec3338b1a469b,1
0xb31c219959e06f9afbeb36b388a4bad13e802725,258
0x07bf5f95851ef2b2996f192569e406a6fea2a95a,99
0x0aab3ac447ea90739bdbe4e0e00af0a54038904a,60
0x41dbecc1cdc5517c6f76f6a6e836adbee2754de3,179
0xdd16ec0f66e54d453e6756713e533355989040e4,113
0x93190dbce9b9bd4aa546270a8d1d65905b5fdd28,108
0x5edc1a266e8b2c5e8086d373725df0690af7e3ea,294
0x1b793e49237758dbd8b752afc9eb4b329d5da016,106
0xf278c1ca969095ffddded020290cf8b5c424ace2,170
0x13c2fab6354d3790d8ece4f0f1a3280b4a25ad96,184
0xaaaf91d9b90df800df4f55c205fd6989c977e73a,249
0x2f102963f61acf1ca4badfe82057b440f2fc722c,98
0x92e52a1a235d9a103d970901066ce910aacefd37,57
0xfb2f26f266fb2805a387230f2aa0a331b4d96fba,435
0x1fe70be734e473e5721ea57c8b5b01e6caa52686,167
0x29880855d419c6fa0e8c7fdfd985c80f286d914e,289
0xe9a95d175a5f4c9369f3b74222402eb1b837693b,101
0x6531f133e6deebe7f2dce5a0441aa7ef330b4e53,483
0xe0c8087ce1a17bdd5d6c12eb52f8d7eff7791987,95
0x37f04d2c3ae075fad5483bb918491f656b12bdb6,72
0x93c564d4cc593867daae181eb3b494a2362b1ec5,174
0x168296bb09e24a88805cb9c33356536b980d3fc5,71
0xc7029ed9eba97a096e72607f4340c34049c7af48,195
0xa5fd1a791c4dfcaacc963d4f73c6ae5824149ea7,518
0x998b3b82bc9dba173990be7afb772788b5acb8bd,101
0x9e3319636e2126e3c0bc9e3134aec5e1508a46c7,109
0x6ec8a24cabdc339a06a172f8223ea557055adaa5,464
0xb0ca787f8cf38f077e8201b05378da230a8b462f,157
0xb96eb33e4a1a9ea3b8581abc8185f9597e45e8aa,127
0x23684d7c10a772d1fecd828814dd250473ec6b2d,158
0x264dc2dedcdcbb897561a57cba5085ca416fb7b4,149
0x60b4b0c6a1c518be1f7f68a8ced6af510fd21b4b,95
0xdb25f211ab05b1c97d595516f45794528a807ad8,356
0x9af839687f6c94542ac5ece2e317daae355493a1,96
0x89cf87c35e69a9b84f7a3e50eaf54bfc3cabc377,291
0x8e306b005773bee6ba6a6e8972bc79d766cc15c8,145
0x4e8ecf79ade5e2c49b9e30d795517a81e0bf00b8,1211
0xea38eaa3c86c8f9b751533ba2e562deb9acded40,226
0x7833ea847fe0784658037ed3afdaee4ab7b25021,145
0x37304b0ab297f13f5520c523102797121182fb5b,381
0x43ee79e379e7b78d871100ed696e803e7893b644,114
0x84936cf7630aa3e27dd9aff968b140d5aee49f5a,91
0xb9812e2fa995ec53b5b6df34d21f9304762c5497,28
0xe5f166c0d8872b68790061317bb6cca04582c912,178
0xb3bca6f5052c7e24726b44da7403b56a8a1b98f8,196
0x87d9ef8951de64b7246fdb7c7d5a52760677f361,308
0xa98ad92a642570b83b369c4eb70efefe638bc895,883
0x35a69642857083ba2f30bfab735dacc7f0bac969,84
0x39e505e1518813ab3834d57d06c22b2e5a7fb9f2,224
0x8e5660b4ab70168b5a6feea0e0315cb49c8cd539,104
0x3258ff5a650d2a4601c12bc3da495557ef354066,60
0x41ab1b6fcbb2fa9dced81acbdec13ea6315f2bf2,279
0x0e8d6b471e332f140e7d9dbb99e5e3822f728da6,250
0xa0a6b8f5f8d41b88a4306c6a9e85028cbefad8e1,74
0xa720911a58d948fc9328560aecfc51e907404fc4,82
0x1961b3331969ed52770751fc718ef530838b6dee,218
0x26946ada5ecb57f3a1f91605050ce45c482c9eb1,221
0x08a2246dcb48db6a5a9e1f6bc082752fceddd106,36
0xb88c46cc79a7ce693c6aaa5d61cbfe384c387097,37
0x735c9f293b5cd45510657cb003783f55430b9212,93
0x8b40761142b9aa6dc8964e61d0585995425c3d94,181
0x5f0bfe2ac3c0a34eca548d377315c2d3fe60c84f,136
0x2f141ce366a2462f02cea3d12cf93e4dca49e4fd,109
0x6ff73ee2255c30e072d35598f9b06795122d4e64,184
0xcbeaec699431857fdb4d37addbbdc20e132d4903,323
0x4270bb238f6dd8b1c3ca01f96ca65b2647c06d3c,185
0x7d2d8ad6d6c689b583fbd91f7b54c4395815de30,174
0x89700d6cd7b77d1f52c29ca776a1eae313320fc5,89
0x423b5f62b328d0d6d44870f4eee316befa0b2df5,357
0xdecf7be29f8832e9c2ddf0388c9778b8ba76af43,159
0x34364bee11607b1963d66bca665fde93fca666a8,179
0x226bb599a12c826476e3a771454697ea52e9e220,224
0xf485c5e679238f9304d986bb2fc28fe3379200e5,247
0xe3c51fc064053ebc5a802e6f1d2897bf457c244f,194
0x540e5fff293f523acd26291b5bc7ac5713991feb,75
0x89dd662cc0651a6f3631a617724525f2ff373b1e,677
0xe769d988ceda1559aee07963e59e62bd730dbba6,234
0xf73b1f84e0c16cd56b0fad03295213a3098de0de,65
0xc6689eb9a6d724b8d7b1d923ffd65b7005da1b62,144
0x056fd409e1d7a124bd7017459dfea2f387b6d5cd,415
0x71396a6410249725c5609646c4e449c6c4d41e27,132
0x5e3346444010135322268a4630d2ed5f8d09446c,178
0x1ffe24629f1b3df74fc0f6e5d086f2fd09258ff2,76
0x107c4504cd79c5d2696ea0030a8dd4e92601b82e,481
0x8b32631e6260cc0d29986c0821b22be9a26971ae,46
0x13f1b7fdfbe1fc66676d56483e21b1ecb40b58e2,198
0xddf0d0b9914d530e0b743808249d9af901f1bd01,1515
0x6ba460ab75cd2c56343b3517ffeba60748654d26,70
0xd20bcbd56d9d551cac10a6bc2a83635bfb72f3f4,65
0x141766882733cafa9033e8707548fdcac908db22,666
0x66e2e867b93fbe69f84387427d08861285a9a65a,169
0xc5f5d88c6d39828cdb5e1150a13125e98b26b65e,174
0xa5b0f0d4d586f20f7d49005b5e9b856358332a2a,101
0x07e3c70653548b04f0a75970c1f81b4cbbfb606f,66
0x2008e3057bd734e10ad13c9eae45ff132abc1722,165
0x3bff697e966b77cb4f0e32815dd020b09750b22d,126
0x115ec79f1de567ec68b7ae7eda501b406626478e,198
0x636991bf69febcdd9eb1a58e11021d33d40c5660,218
0x4e842537966b0f0e90829b275543bca01c405484,133
0x04f062809b244e37e7fdc21d9409469c989c2342,607
0x02f61fd266da6e8b102d4121f5ce7b992640cf98,348
0x012fd5049a203df08c02fb2e0ed15ceed10d9ed4,214
0x2bba3cf6de6058cc1b4457ce00deb359e2703d7f,122
0x399f9a95305114efacb91d1d6c02cbe234dd36af,71
0x64704e92440ee2f94d2cc2f4b8b662a292cb7b3b,149
0x340d2bde5eb28c1eed91b2f790723e3b160613b7,280
0xc21022c5b4d5dba5ee61044c065fc90d79dfb933,77
0xdf6ef343350780bf8c3410bf062e0c015b1dd671,208
0xffa39dcbaff181656d485e818ef8b1f3a411052c,120
0x13119e34e140097a507b07a5564bde1bc375d9e6,128
0x05d412ce18f24040bb3fa45cf2c69e506586d8e8,146
0x5d034d0d0d98fb76192ef2ef27e197fcfd9386ec,110
0x700f5b6fbef95f3fbd4f50233e6d05d4eab6dd03,174
0xe12128d653b62f08fbed56bdeb65db729b6691c3,178
0x3137619705b5fc22a3048989f983905e456b59ab,70
0x4d2c05109a1309c6de0d3b7f06f397c9c41b8fae,65
0xf1dd5964eabcc6e86230fa6f222677cfdaaf9f0e,187
0x3ad2bfea535bf1673f22de61b19f758a2dd0efff,1515
0xad3cdf38ccace151cdf5f03fa64c1518a75cf7af,187
0x8fe19c447821b4cdcdd5012bca1b5469ca96d80d,221
0x607a5c47978e2eb6d59c6c6f51bc0bf411f4b85a,88
0x2859021ee7f2cb10162e67f33af2d22764b31aff,153
0x4b94c8567763654101f690cf4d54957206383b75,374
0xf244176246168f24e3187f7288edbca29267739b,1500
0xd44bb6663936cab1310584a277f7daa6943d4904,68
0x945f171de4ea81a213dcc7a1e8c4f6feb3b4b806,202
0xfedae5642668f8636a11987ff386bfd215f942ee,377
0xab95e915c123fded5bdfb6325e35ef5515f1ea69,76
0x86e6a4f512b1290c043970b04e0b570d4fc98291,301
0x5f937f2556fda10f5ebac54a902a93e5e7504c3e,239
0x6dfe212d1461014be1781b0be710dda1c036d8ef,149
0xc0e0c1dba795bfe7c4aa302a189423460cca57ad,219
0xf4fe95603881d0e07954fd7605e0e9a916e42c44,805
0x1dea979ae76f26071870f824088da78979eb91c8,212
0xab014858716f1010de51401c5e149bfac25f91b6,388
0xc011a72400e58ecd99ee497cf89e3775d4bd732f,156
0xb1eef147028e9f480dbc5ccaa3277d417d1b85f0,222
0xca694eb79ef355ea0999485d211e68f39ae98493,65
0xf44745fbd41f6a1ba151df190db0564c5fcc4410,149
0x7a41e0517a5eca4fdbc7fbeba4d4c47b9ff6dc63,200
0x9a291353201da3a0b9b6b2e67eb589ed1a05e32b,66
0xa0c81655e84c31c4c5bd86d7f927f8cbe3c8a806,89
0x5581c0bc21a762e43d148b06d310f088b6cf97b3,172
0xd588b586d61c826a0e87919b3d1a239206d58bf2,172
0xc7bba5b765581efb2cdd2679db5bea9ee79b201f,159
0xbc8deee89f1cf4b661514185aa1ab780336c4c4a,78
0xbc34985b4d345aea933d5cac19f3a86bd1fb398f,170
0x7fce2856899a6806eeef70807985fc7554c66340,187
0x662abcad0b7f345ab7ffb1b1fbb9df7894f18e66,150
0xe50365f5d679cb98a1dd62d6f6e58e59321bcddf,348
0x95c41f88f11953d3642ca29d7aa327087313c7f0,67
0x18a672e11d637fffadccc99b152f4895da069601,718
0x215ce36e90b1b64e6fa2e358305177f8fe5daf25,487
0xb3104b4b9da82025e8b9f8fb28b3553ce2f67069,178
0x139d415b5fd0981fbee78d0fa503168855b34652,225
0x1b6c5864375b34af3ff5bd2e5f40bc425b4a8d79,437
0x8290333cef9e6d528dd5618fb97a76f268f3edd4,134
0xa43ebd8939d8328f5858119a3fb65f65c864c6dd,26
0x3930e4ddb4d24ef2f4cb54c1f009a3694b708428,154
0x50c6ed8237087d996fc086428d90355384d22e9b,218
0x9bbb9387c9e2477a6b5d81afece00255875c48ce,236
0x1a0f2ab46ec630f9fd638029027b552afa64b94c,335
0x2774b5771f607938d4e9197b3a5ca9f21110cf11,109
0xa6714a2e5f0b1bdb97b895b0913b4fcd3a775e4d,479
0xd37532d304214d588aeeac4c365e8f1d72e2304a,208
0x9c821d1eed859080c307e326fcc888c230d2bf86,47
0xd49ff13661451313ca1553fd6954bd1d9b6e02b9,139
0xfc0d912896ea2cadfc49735f8c564809ebec593e,186
0xe947b388fbe682784170b62f2bd4665f9719a285,135
0xd01db73e047855efb414e6202098c4be4cd2423b,94
0x949bd9e6031a3d43623fec3f85e9adbf8a6d9f7a,157
0xe8ff5c9c75deb346acac493c463c8950be03dfba,88
0x3833dda0aeb6947b98ce454d89366cba8cc55528,113
0x952b65d976e8669c4ce92a17cce5b2586912adb5,71
0xdd98b423dc61a756e1070de151b1485425505954,756
0xc47d7d42e44b2e04c83a45cf45898e597a0c2311,834
0x5c8118fc0237697422ced89a448dce2c8e34b4ef,99
0xc7c9b856d33651cc2bcd9e0099efa85f59f78302,441
0x2fe0bc5ffb80a84739da913f0a393a4b0cce661b,269
0xfa7c200d0c1e6f0117ffc7b2f2485c53fd4c1ac4,192
0x3282eb043414888a7c818ac9db0e8086fd5741c2,153
0x49aaa160506f7e07e6c3f6cd6316b6866025cdcb,215
0xefcec6d87e3ce625c90865a49f2b7482963d73fe,272
0x336db6c1ead9cc4d5b0a33ac03c057e20640126a,388
0xe803267c5086252425befe8e1f9c4cec0ea3a952,138
0xae66d00496aaa25418f829140bb259163c06986e,124
0x846c66cf71c43f80403b51fe3906b3599d63336f,145
0x1d41e18e8ed1ef148547ceade01912e638f464b8,174
0x7b188a8b3a2113621895fb35fc67a779caffa92d,187
0xa0008f510fe9ee696e7e320c9e5cbf61e27791ee,230
0xbb5ed1edeb5149af3ab43ea9c7a6963b3c1374f7,248
0xe6987cd613dfda0995a95b3e6acbabececd41376,72
0x9588fc24a9796fbd870951a2cd54c6f1f24b2e7c,282
0x1d18f44256a27862d886e27191d55ab4029172c1,224
0x5f3789907b35dce5605b00c0be0a7ecdbfa8a841,201
0x12fef5e57bf45873cd9b62e9dbd7bfb99e32d73e,113
0xe13ef257cf4d5df928ca11d230427c037666d466,65
0x749f35ff65932e68267dd82f6cd85eea735d700e,108
0x5cf04716ba20127f1e2297addcf4b5035000c9eb,110
0x1829aa045e21e0d59580024a951db48096e01782,339
0x68aa3f232da9bdc2343465545794ef3eea5209bd,345
0x4dd672e77c795844fe3a464ef8ef0faae617c8fb,75
0x8ae4bf2c33a8e667de34b54938b0ccd03eb8cc06,299
0x22d1755515bef4afd277d8acd42adbac49c77d43,218
0xcce629ba507d7256cce7d30628279a155c5309c5,108
0xe2fb6529ef566a080e6d23de0bd351311087d567,359
0xe477292f1b3268687a29376116b0ed27a9c76170,318
0xb0866289e870d2efc282406cf4123df6e5bcb652,115
0xf87e31492faf9a91b02ee0deaad50d51d56d5d4d,103
0x3c4a3ffd813a107febd57b2f01bc344264d90fde,178
0x8432a5a61cf1cc5ca5bc5ab919d0665427fb513c,307
0x357af180d6822ebcdc269ea147cd3d36ed971596,71
0x69d2779533a4d2c780639713558b2cc98c46a9b7,96
0x78b7fada55a64dd895d8c8c35779dd8b67fa8a05,122
0xf7a6e15dfd5cdd9ef12711bd757a9b6021abf643,1024
0x4bbbc57af270138ef2ff2c50dbfad684e9e0e604,122
0x47dd62d4d075dead71d0e00299fc56a2d747bebb,275
0xf36ccb6465fa93bf90771b5459b0b210a2d82392,115
0xd7732e3783b0047aa251928960063f863ad022d8,60
0x964f35fae36d75b1e72770e244f6595b68508cf5,456
0xd2d0f85b690604c245f61513bf4679b24ed64c35,170
0x5f5b176553e51171826d1a62e540bc30422c7717,228
0x4e53ff445f80b349ca6af3dd735c5f07a7c8927a,174
0x8b6cda5cc518c904e8844f445e1a7c7d2db0ff16,117
0x0a97094c19295e320d5121d72139a150021a2702,275
0xfb8bf095ebcdad57d2e37573a505e7d3bafdd3cc,81
0xf04436b2edaa1b777045e1eefc6dba8bd2aebab8,395
0x327682779bab2bf4d1337e8974ab9de8275a7ca8,185
0x79181b28976d691181776016b3d6a7d3d08f70e8,65
0x7444e28d8d8db540054271b1e9a9c2573aaf01b7,218
0xd6cd31f283d24cfb442cba1bcf42290c07c15792,299
0x554c20b7c486beee439277b4540a434566dc4c02,239
0x6704b673c70de9bf74c8fba4b4bd748f0e2190e1,179
0xfa0ef5e034cae1ae752d59bdb8adcde37ed7ab97,234
0xb0514a5b4aa58ac6e954f537598dd42a71916581,193
0xcb378ea13660951792ab37bcd8e1188e385d15c5,132
0xcaef67f72114b4d2b4f43e7407455285b7de8de5,552
0x45245bc59219eeaaf6cd3f382e078a461ff9de7b,175
0x3e65e1eefde5ea7ccfc9a9a1634abe90f32262f8,270
0xd01534f4564234a4579b1bc1f3413873b7b3d9d7,169
0xe3fedaecd47aa8eab6b23227b0ee56f092c967a9,89
0x5bc901cbebefb03a56d45e57e4f356dc4db30ab5,304
0xe25b0bba01dc5630312b6a21927e578061a13f55,226
0x8b353021189375591723e7384262f45709a3c3dc,249
0xbc86727e770de68b1060c91f6bb6945c73e10388,725
0x3fda67f7583380e67ef93072294a7fac882fd7e7,1402
0x1a8f615f0dd39b9de8ad26db89cfa76f7c9d0274,99
0x4df812f6064def1e5e029f1ca858777cc98d2d81,499
0x56f527c3f4a24bb2beba449ffd766331da840ffa,370
0x0fb843d37aa2a99db8d81af9fe2f0a6485c7c002,131
0x69beab403438253f13b6e92db91f7fb849258263,150
0x3f5fa71ea48ae374faae502afa2e27715484c3b7,182
0x151202c9c18e495656f372281f493eb7698961d5,164
0xc47b8d6d6595f7934fc467ded288e1a267d71758,153
0xb8105b0d4a9ae55658b418065fea4282a8d2e968,158
0xd72f60b2e7649bbc5835d25e30ef917f04d9131c,213
0xf4c27b8b002389864ac214cb13bfeef4cc5c4e8d,589
0x8542325b72c6d9fc0ad2ca965a78435413a915a0,164
0x38c87aa89b2b8cd9b95b736e1fa7b612ea972169,215
0xdf7d9630d5c43f2ece338843c019f050f72dcd79,155
0x5acd07353106306a6530ac4d49233271ec372963,73
0xc0f1728d9513efc316d0e93a0758c992f88b0809,78
0x95daaab98046846bf4b2853e23cba236fa394a31,219
0xdfc328c19c8de45ac0117f836646378c10e0cda3,481
0x8d2da938d6f717eb5d84f68bb0eca7584c8faf2a,150
0xaa843f65872a25d6e9552ea0b360fb1d5e333124,160
0x8db90e3e7d04c875a51997092f9178fcac9defdb,69
0xa974c709cfb4566686553a20790685a47aceaa33,74
0xff10c9186aa36617d0b442e4514251a5fed9576e,124
0xb9e7f8568e08d5659f5d29c4997173d84cdf2607,266
0x8bc67d00253fd60b1afcce88b78820413139f4c6,858
0x5e2effd98b24a7fd12156c6ecf2f77cf4588b572,132
0x622cd54deb2bb7a051515192417109bcf3fe098f,72
0xb9b4cfe4194d7e8511aa9b9f1260bc7b9634249e,159
0x6226caa1857afbc6dfb6ca66071eb241228031a1,95
0x6425c6be902d692ae2db752b3c268afadb099d3b,167
0xa146240bf2c04005a743032dc0d241ec0bb2ba2b,403
0x91f273b7a28f5169fd7b7995a54b767ca797bc63,314
0x3136ef851592acf49ca4c825131e364170fa32b3,220
0x81e74a3ea4bab2277aa3b941e9d9f37b08ac5374,204
0x263c618480dbe35c300d8d5ecda19bbb986acaed,110
0x8cbad22e65e7aa6f450a465c0588befd661b6bcb,46
0x9041fe5b3fdea0f5e4afdc17e75180738d877a01,70
0xd8d48e52f39ab2d169c8b562c53589e6c71ac4d3,201
0x4a6058666cf1057eac3cd3a5a614620547559fc9,268
0x32d74896f05204d1b6ae7b0a3cebd7fc0cd8f9c7,103
0xbdc5bac39dbe132b1e030e898ae3830017d7d969,216
0xae31b85bfe62747d0836b82608b4830361a3d37a,146
0xe2a0bfe759e2a4444442da5064ec549616fff101,648
0x4827f5a52c9787c6684f74ba1481313451a22d7c,88
0x13f11c9905a08ca76e3e853be63d4f0944326c72,189
0x0f00f1696218eaefa2d2330df3d6d1f94813b38f,266
0x04de23e912cec433eabf3260ecc71cfd1f9d328f,169
0xf41861f194e7ba8de95144a89e0c6ed16ee0b3a0,79
0x8934677594804eb9448268b9205da0a8b366d19a,104
0x4a220e6096b25eadb88358cb44068a3248254675,108
0xa849eaae994fb86afa73382e9bd88c2b6b18dc71,235
0x7b02c6118baefe500058cfc07d708fb404ef5bc6,208
0x2daee1aa61d60a252dc80564499a69802853583a,74
0x24692791bc444c5cd0b81e3cbcaba4b04acd1f3b,107
0x5c64031c62061865e5fd0f53d3cdaef80f72e99d,107
0x881ef48211982d01e2cb7092c915e647cd40d85c,338
0xc80c5e40220172b36adee2c951f26f2a577810c5,427
0xbeb9ef514a379b997e0798fdcc901ee474b6d9a1,296
0x05860d453c7974cbf46508c06cba14e211c629ce,98
0x5c7f7e79b710a7bd29d8a381621e0268c98dcf06,63
0xcd2ddec1150ded7a28834169683a0dbc93a782c2,152
0xa645264c5603e96c3b0b078cdab68733794b0a71,291
0x539efe69bcdd21a83efd9122571a64cc25e0282b,141
0x26fb86579e371c7aedc461b2ddef0a8628c93d3b,212
0xd6875274b000462f59e9327cbde2cef637914569,86
0xff1f9c77a0f1fd8f48cfeee58b714ca03420ddac,468
0x420a43153da24b9e2aedcec2b8158a8653a3317e,151
0x24e2b1d415e6e0d04042eaa45dc2a08fc33ca6cd,631
0x049399a6b048d52971f7d122ae21a1532722285f,76
0xf4134146af2d511dd5ea8cdb1c4ac88c57d60404,114
0x589891a198195061cb8ad1a75357a3b7dbadd7bc,190
0x272f022a374fc7e9213b35952e167ea217303e18,155
0x46fc7b42f4522bfbd8b4565130aaed1e407d9957,734
0xe7d84cbee9b2234e53bde7ea093e7d1e198ca46a,131
0x7654915a1b82d6d2d0afc37c52af556ea8983c7e,569
0x9e96604445ec19ffed9a5e8dd7b50a29c899a10c,212
0xaaf37055188feee4869de63464937e683d61b2a1,181
0x8e5610ab5e39d26828167640ea29823fe1dd5843,278
0x3543638ed4a9006e4840b105944271bcea15605d,74
0x56ba2ee7890461f463f7be02aac3099f6d5811a8,228
0x1460a58096d80a50a2f1f956dda497611fa4f165,278
0x4f9254c83eb525f9fcf346490bbb3ed28a81c667,324
0x98d8d146e644171cd47ff8588987b7bdeef72a87,242
0x0dba7ca3d25f8c2f46d9b06ba7b1b3144e206f38,223
0x64a60493d888728cf42616e034a0dfeae38efcf0,323
0xfd1e80508f243e64ce234ea88a5fd2827c71d4b7,170
0x9469d013805bffb7d3debe5e7839237e535ec483,394
0x12b2028d5ecb59a7172c3d784f8938040e234fb6,169
0x0d88ed6e74bbfd96b831231638b66c05571e824f,261
0xfa3118b34522580c35ae27f6cf52da1dbb756288,65
0x49b127bc33ce7e1586ec28cec6a65b112596c822,113
0xf67acb7b9226e482afcf7f08aac9466c50c19d9c,470
0xf84df2db2c87dd650641f8904af71ebfc3dde0ea,124
0x82622209cef6ebf4b8bdb353a8fc7e0b8655d0b0,154
0x2af5d2ad76741191d15dfe7bf6ac92d4bd912ca3,339
0x83984d6142934bb535793a82adb0a46ef0f66b6d,248
0x841ea7e00c9c6f8ce0c751a5f8151c928fb63a91,225
0x00e3ea0019005cba812824d95814d7133ed616b7,102
0xebbdcd19b78d32fefa3c250b87f6fd7550cb911d,246
0x8a60806f05876f4d6db00c877b0558dbcad30682,299
0x1ccaa0f2a7210d76e1fdec740d5f323e2e1b1672,146
0x138a35ee20e40f019e7e7c00386ab2ef42d66d1e,693
0x8b8e088c7ad40d70d0a8183a399c8f9c24b5c8d8,1698
0x7c5a0ce9267ed19b22f8cae653f198e3e8daf098,224
0x899f3b22908ff5674f8237c321ab309417887606,476
0xe11609b9a51caf7d32a55896386ac52ed90e66f1,304
0x9750ce7823568c9354720407e2763fd16bf0b1c6,166
0x2baac9330cf9ac479d819195794d79ad0c7616e3,152
0xaa19961b6b858d9f18a115f25aa1d98abc1fdba8,167
0xce96c5c02dd87a9ef4e7353383d121bb7edf1333,225
0x9b68bfae21df5a510931a262cecf63f41338f264,547
0x29488e24cfdaa52a0b837217926c0c0853db7962,1127
0x24ddff6d8b8a42d835af3b440de91f3386554aa4,276
0xa3d58c4e56fedcae3a7c43a725aee9a71f0ece4e,1343
0xa34d29cf8a06e8d05d22454cc33e5fbe7a3d3213,110
0xa8daa52ded91f7c82b4bb02b4b87c6a841db1fd5,219
0x4ba72f0f8dad13709ee28a992869e79d0fe47030,608
0x702b1b84bb83bb2c651780bf83ba0cb17c656182,119
0x8effd494eb698cc399af6231fccd39e08fd20b15,248
0xf3e014fe81267870624132ef3a646b8e83853a96,180
0xb1cfb2421f6f12ebda4f9b8d0336518c82e63b2c,151
0x9e2b209afc38b74b3278b4e3e2e61dcefc752bb2,179
0x511bc4556d823ae99630ae8de28b9b80df90ea2e,103
0x0f8c45b896784a1e408526b9300519ef8660209c,179
0xe1a178b681bd05964d3e3ed33ae731577d9d96dd,54
0xe54b3458c47e44c37a267e7c633afef88287c294,68
0xfc05987bd2be489accf0f509e44b0145d68240f7,118
0x97aeb5066e1a590e868b511457beb6fe99d329f5,324
0x7ba8a5d59b21390a70b2ba968a183712e12a049c,133
0xf8c8c211e976cf65ec8f01b7c70021a3b8bf5575,111
0x84136c48d0ed75c384d0e9b04745f0208561a5b9,101
0x7d8b9f24320dab5369144eb46927667f4a58dc49,245
0x3a966ffa8451cbf3769b7d1f94d5b47da254edb0,583
0x5d51fcced3114a8bb5e90cdd0f9d682bcbcc5393,199
0xdf5d68d54433661b1e5e90a547237ffb0adf6ec2,224
0x2567c677473d110d75a8360c35309e63b1d52429,78
0xc6335206e56a3c5bc15a5096dfc2795c04c47619,147
0x0eb152d2bba8af722d7e296a1f223d819c3bbb1f,142
0xd54661c39362c2f1137f42307036f5b75a722a20,186
0xd31a5afcf4f2168d0e3a47685c85b2166edf69d9,84
0xc27a2f05fa577a83ba0fdb4c38443c0718356501,372
0x101f62fb0bd47814c0bcd1e2499909adac5008c0,161
0x59de2a5c00c7ee1c9cc823146cd18580fc5ff7b5,441
0xb62d18dea74045e822352ce4b3ee77319dc5ff2f,163
0xd56b85d52dda1fc2c3c1077f6287e547b68510eb,65
0x6f919d67967a97ea36195a2346d9244e60fe0ddb,112
0x00006100f7090010005f1bd7ae6122c3c2cf0090,83
0x705ee96c1c160842c92c1aecfcffccc9c412e3d9,113
0x5dd0815a4cf119ad91ba045bbbf879f3f7de3c68,254
0xe6517b766e6ee07f91b517435ed855926bcb1aae,698
0x02c4c78c462e32cca4a90bc499bf411fb7bc6afb,257
0x77599d2c6db170224243e255e6669280f11f1473,163
0xc39e626a04c5971d770e319760d7926502975e47,210
0x123ab195dd38b1b40510d467a6a359b201af056f,187
0x0d262e5dc4a06a0f1c90ce79c7a60c09dfc884e4,126
0x737fa0372c8d001904ae6acaf0552d4015f9c947,320
0x390d6673c1fa9dbb8000db1ae89252b7d531ab75,230
0xc3972ac283b3a7a56125674631a5c254f7f373cf,107
0xc0eb85285d83217cd7c891702bcbc0fc401e2d9d,139
0x2832373dddad96bbfb44f1b7da11b6541026bf40,903
0x00000100f2a2bd000715001920eb70d229700085,83
0x57d90b64a1a57749b0f932f1a3395792e12e7055,256
0x5c89736e9454200141b80c37eb28eaceca2ce8cb,239
0xcceed0b7185fbe7f69c083a6c0f6ff5910548d75,193
0xe4f1bcae296ff9385842fc24cc7d18ab94121223,112
0xfe76be9cec465ed3219a9972c21655d57d21aec6,77
0x00000000441378008ea67f4284a57932b1c000a5,93
0xf069d9f8e394f23878e6beccbdef41c4a957b662,218
0x1122b6a0e00dce0563082b6e2953f3a943855c1f,97
0xd2502768fb84b1e543daafcef5ccee39011b6cb4,154
0xf0ddd41ac68b71ecbad395aa6240c41c5b55c749,186
0x53d4e5bf62a91ec53ea15991e2389310eeb855b2,183
0xc8c6a31a4a806d3710a7b38b7b296d2fabccdba8,106
0x4689a4e169eb39cc9078c0940e21ff1aa8a39b9c,136
0x42d6622dece394b54999fbd73d108123806f6a18,65
0x461733c17b0755ca5649b6db08b3e213fcf22546,390
0x9f235d23354857efe6c541db92a9ef1877689bcb,374
0xb5adb233f28c86cef693451b67e1f2d41da97d21,242
0xccda5213d453388fb5fb43054bc261c8636b1e51,259
0x4f45901e24ab443529dc52aff4452b081f9564fa,54
0x95408930d6323ac7aa69e6c2cbfe58774d565fa8,272
0x898bf39cd67658bd63577fb00a2a3571daecbc53,227
0xa7f976c360ebbed4465c2855684d1aae5271efa9,164
0x83eea00d838f92dec4d1475697b9f4d3537b56e3,61
0x4c0fbe1bb46612915e7967d2c3213cd4d87257ad,437
0x81b4d08645da11374a03749ab170836e4e539767,55
0xd2d6158683aee4cc838067727209a0aaf4359de3,570
0x540449e4d172cd9491c76320440cd74933d5691a,594
0x3635e381c67252405c1c0e550973155832d5e490,102
0xbfd6b15eabeb62a014a5b7ac0a1aa32a797fbc35,56
0xea5f88e54d982cbb0c441cde4e79bc305e5b43bc,156
0x5f5fa025d9db0a3a26264bfa93aa27875111d9b1,46
0xbd4b50bbf385195c410a625681ff29d439ba61f3,536
0x05984006707585f66465e8a6505341f46b64fa7a,204
0x6cabf1b590ee8daa30a1c76ff5dd21284d8681d8,81
0xc64500dd7b0f1794807e67802f8abbf5f8ffb054,66
0xea610b1153477720748dc13ed378003941d84fab,118
0xcfb98637bcae43c13323eaa1731ced2b716962fd,264
0x53070b6c34bfbb8c0bbd46df2d5a05e3c9179502,88
0x814e0908b12a99fecf5bc101bb5d0b8b5cdf7d26,275
0x4290563c2d7c255b5eec87f2d3bd10389f991d68,176
0xe534619defdbf0caf673b8abf7158714f5bd4bd9,373
0x2bdc0d42996017fce214b21607a515da41a9e0c5,267
0xae73b38d1c9a8b274127ec30160a4927c4d71824,175
0xb47e3cd837ddf8e4c57f05d70ab865de6e193bbb,194
0x54257fcaaa8e50ae9a47bf3afe054756fb1230f6,167
0xc72fe8e3dd5bef0f9f31f259399f301272ef2a2d,354
0x7d4b8cce0591c9044a22ee543533b72e976e36c3,182
0xa9ec9f5c1547bd5b0247cf6ae3aab666d10948be,163
0x27f706edde3ad952ef647dd67e24e38cd0803dd6,99
0x171d750d42d661b62c277a6b486adb82348c3eca,210
0x076641af1b8f06b7f8c92587156143c109002cbe,129
0xcde21da29e54e3b60a1aaacd1dcbda76d8066af1,218
0x1818409ff612a6d574ca979904396bb4b8ea6d51,263
0xcc7d26d8ea6281bb363c8448515f2c61f7bc19f0,137
0x41cd7bbab5758b3b675281f3ead24e666f2b1f0e,515
0x946956f5bb7832aba7aa02ec722e4c558e12b2e1,225
0x5b26c5d0772e5bbac8b3182ae9a13f9bb2d03765,277
0x44197a4c44d6a059297caf6be4f7e172bd56caaf,118
0x953e22945b416730bad05009af05b420e598e412,246
0xd82df0abd3f51425eb15ef7580fda55727875f14,196
0x64d14595152b430cf6940da15c6e39545c7c5b7e,1386
0x1d72e76e38c815b9f91661c340949e8673e897b3,72
0x4d8fc1453a0f359e99c9675954e656d80d996fbf,331
0xf5b0a3efb8e8e4c201e2a935f110eaaf3ffecb8d,540
0x4eef32781db07a9b7d9d36bb9ba81fa08af9d3ab,144
0x0ad3227eb47597b566ec138b3afd78cfea752de5,1098
0x7600bf5112945f9f006c216d5d6db0df2806edc6,806
0x687e3235baf994dabf9304394899e569b077bcb8,57
0x5f236f062f16a9b19819c535127398df9a01d762,167
0x68ed06af5989e05bc4aa510b44dc6d003e225187,557
0x3e01b9ea9db8f17ab1825d848b2f2e04f57caf09,136
0x48ff53777f747cfb694101222a944de070c15d36,193
0x49fddeae0b521dab8d0c4b77e7161094f971320d,756
0x3d1ba9be9f66b8ee101911bc36d3fb562eac2244,291
0x4c29d75cc423e8adaa3839892feb66977e295829,406
0xe38165c9f6deb144afc9c32c206b024817e1496d,114
0x0bd57fc1289c2b8e090e5f2f7d972514e6a494fb,143
0xeb7c20027172e5d143fb030d50f91cece2d1485d,75
0xc324a2f6b05880503444451b8b27e6f9e63287cb,182
0xc16b542ff490e01fcc0dc58a60e1efdc3e357ca6,203
0x588047365df5ba589f923604aac23d673555c623,202
0x8c5cc09dfc32af3fbe764c5ec9ffada63aada32a,102
0x9457725777a69922af16f3f3d58a92dae1995856,149
0x47e67ba66b0699500f18a53f94e2b9db3d47437e,114
0xba2184520a1cc49a6159c57e61e1844e085615b6,668
0x4f27053f32eda8af84956437bc00e5ffa7003287,112
0x3e716a958c185f2ba10f5951566bea740f4e892e,129
0xa0872ee815b8dd0f6937386fd77134720d953581,72
0xa58c4f0e4dddb52d2017c77eac34c73a84cf8af8,435
0xcbce61316759d807c474441952ce41985bbc5a40,155
0x47da42696a866cdc61a4c809a515500a242909c1,234
0x12b306fa98f4cbb8d4457fdff3a0a0a56f07ccdf,415
0xe1aee98495365fc179699c1bb3e761fa716bee62,133
0x0223fc70574214f65813fe336d870ac47e147fae,120
0x1fc7bd85293f3982f40d52698df8d26be89360d6,474
0xbf45f4280cfbe7c2d2515a7d984b8c71c15e82b7,177
0x283640b9a2bba66a294c9b19cc4404cafd35c7cc,59
0x37e1160184f7dd29f00b78c050bf13224780b0b0,70
0x4a9e09f6d1f643ee5f3b02039843d774a224577a,254
0x17e2c574cf092950ef89fb4939c97db2086e796f,528
0x20827ab17e406d92e2c5cbc2948be0871e160d8c,174
0x5aeba72b15e4ef814460e49beca6d176caec228b,618
0x0000852600ceb001e08e00bc008be620d60031f2,84
0xdfc85c08d5e5924ab49750e006cf8a826ffb7b13,196
0x46751d82e59684f39bc554c6797663d62cef0f75,149
0x48c1b2f3efa85fbafb2ab951bf4ba860a08cdbb7,203
0xfbd0d1c77b501796a35d86cf91d65d9778eee695,97
0xee609fe292128cad03b786dbb9bc2634ccdbe7fc,212
0x45e42d659d9f9466cd5df622506033145a9b89bc,62
0x7728dfef5abd468669eb7f9b48a7f70a501ed29d,147
0x24ebfc20bb2e1daadd98d28341ab37d0c154f4cb,169
0x7995ab36bb307afa6a683c24a25d90dc1ea83566,408
0x6aac8cb9861e42bf8259f5abdc6ae3ae89909e11,79
0xcd3673af09e76c74d889aabab68ca0645566a3a1,129
0xca14e435f1048569dab3264de3c6be764b29da2d,155
0x352e504813b9e0b30f9ca70efc27a52d298f6697,18
0xa38fcedd23de2191dc27f9a0240ac170be0a14fe,346
0x83e2be8d114f9661221384b3a50d24b96a5653f5,357
0x5ea8f2e8e9a58a82ed53b0dd91cc7cf1bf319b86,60
0xd4fd252d7d2c9479a8d616f510eac6243b5dddf9,839
0x4c218ac55d53e9de63214f7dde5b4db2a5d48ed3,119
0x814f67fa286f7572b041d041b1d99b432c9155ee,144
0x79bde2574d61f2bdbfe4c333a594fbba3c99e122,60
0x8eff575359d56005b816028384c2b386dcb20015,97
0x3afa1902b1f8a802abc18e5ad982d1bcd34afe22,212
0x2c2391f793f4f81475d87fffe366458ce5380a13,401
0xb24754be79281553dc1adc160ddf5cd9b74361a4,99
0xb9ef770b6a5e12e45983c5d80545258aa38f3b78,133
0x778e763c4a09c74b2de221b4d3c92d8c7f27a038,635
0x1d085c7716118e5c99ab1c35c1cffdacffe454b6,158
0xfef3884b603c33ef8ed4183346e093a173c94da6,133
0xfdfe8b7ab6cf1bd1e3d14538ef40686296c42052,224
0xcb324e4c8c1561d547c38bd1d4a3b12a405b8019,118
0x0b4bdc478791897274652dc15ef5c135cae61e60,44
0xad22f63404f7305e4713ccbd4f296f34770513f4,101
0x33b919f54692ddbf702065763ea2b50ca02e6bff,328
0x4432e7ffd729442614d9233499000530e08e9d62,120
0xb2135ab9695a7678dd590b1a996cb0f37bcb0718,166
0xd1e10c37a27d95d95720291b1dc6f12f74c71443,216
0x5102791ca02fc3595398400bfe0e33d7b6c82267,374
0xc2807533832807bf15898778d8a108405e9edfb1,394
0x4234f63b1d202f6c016ca3b6a0d41d7d85f17716,319
0x9af2c6b1a28d3d6bc084bd267f70e90d49741d5b,190
0x8d2242b308e81c773ef3c1b1e78968fb670c1870,69
0x985dd3d42de1e256d09e1c10f112bccb8015ad41,427
0xb5dbc6d3cf380079df3b27135664b6bcf45d1869,154
0xdb13025b219db5e4529f48b65ff009a26b6ae733,294
0x3984dd8925892e34adf0a8d6f710651becf7fa3e,132
0xebf5ffaed443093dbda54eed6dc77f7bba6dc7f2,198
0xc7579bb99af590ec71c316e1ac4436c535039594,214
0xf9b7d25df543a510539f4303e4b2fad0b6488c6b,85
0x1d6c267ede89c6a504db5f7bffdbf5cc72b272d0,46
0x29d75277ac7f0335b2165d0895e8725cbf658d73,92
0x58b7056deb51ed292614f0da1e94e7e9c589828d,556
0x4bd70556ae3f8a6ec6c4080a0c327b24325438f3,99
0xee2131b349738090e92991d55f6d09ce17930b92,109
0x20bf6672497941bd3e4ec5fd551de5c31e0a898a,309
0xa00fa22499478cc37beb45021a1f1c9f826f72e1,187
0xb746aed479f18287dc8fc202fe06f25f1a0a60ae,212
0xf6276830c265a779a2225b9d2fcbab790cbeb92b,256
0x2fd41f516fac94ed08e156f489f56ca3a80b04d0,79
0x663e4229142a27f00bafb5d087e1e730648314c3,1254
0x9e88613418cf03dca54d6a2cf6ad934a78c7a17a,421
0x7da90089a73edd14c75b0c827cb54f4248d47ecc,756
0xbe8115cdf67fcbbca3efb2a9ff18bb98eac2308f,609
0x1e143b2588705dfea63a17f2032ca123df995ce0,21
0x2c949199cff14aeaf1b33d64db01f48fb57f592f,73
0xb16d3ed603d62b125c6bd45519eda40829549489,318
0xf1252560e9bf579550622f25c533fea1279e10a1,102
0x9214ec02cb71cba0ada6896b8da260736a67ab10,286
0x929dac58cf32c693c7c9e9e72c2786525679898d,130
0xdf1338fbafe7af1789151627b886781ba556ef9a,184
0x765b0aaef0ecac2bf23065f559e5ca3b81067993,216
0xdf347911910b6c9a4286ba8e2ee5ea4a39eb2134,419
0xef51c9377feb29856e61625caf9390bd0b67ea18,108
0xb51088f5f37286b5c3462043200a0ce9aee71459,240
0xb56d622ddf60ec532b5f43b4ff9b0e7b1ff92db3,98
0xf263292e14d9d8ecd55b58dad1f1df825a874b7c,102
0xa998746f10038160240151871e71a587a4f292da,122
0xfc44ec51c80e35a87bc2140299b1636ec83dfb04,305
0x4d09c5e758ca68be27240f29fb681e5a5341ca98,86
0x7e43581b19ab509bcf9397a2efd1ab10233f27de,64
0xf453b5b9d4e0b5c62ffb256bb2378cc2bc8e8a89,224
0x9b62513c8a27290cf6a7a9e29386e600245ea819,175
0xf2956001f8cf0ff7ec7742a32f2040c81c65d4f2,169
0xbeb6fdf4ef6ceb975157be43cbe0047b248a8922,106
0xbbecab25674c958d5dbb4a51ff65dac54ed36062,179
0x546e955456867a5822bb9532973f7380f1bf55a1,127
0xcb089b8ae76b5df461d40e957603f7a59aea9e0d,239
0x5c743a35e903f6c584514ec617acee0611cf44f3,394
0x0778cc2e8bbad3d483e82371606d100cc8604522,185
0xda96eb2fa67642c171650c428f93abdfb8a63a2d,359
0xaf1745c0f8117384dfa5fff40f824057c70f2ed3,30
0x5d00d312e171be5342067c09bae883f9bcb2003b,556
0x647f274b3a7248d6cf51b35f08e7e7fd6edfb271,67
0xb562ec0261a9cb550a5fbcb46030088f1d6a53cf,224
0xdcc27bbaa14cafd8a6aeb847e1b01c5dffb70935,381
0xea4ddaafbc142fd18180af0430c8a59dda009664,46
0x0947b0e6d821378805c9598291385ce7c791a6b2,312
0x220f0b2186f96a3572dfc0dc7da5070b7df013a4,95
0xbbc79794599b19274850492394004087cbf89710,232
0x4946583c5b86e01ccd30c71a05617d06e3e73060,172
0x0ecdd783dc7bf820614044b51862ed29714d2ba5,240
0x5d285f735998f36631f678ff41fb56a10a4d0429,484
0x960f56e8a9f2084acf39a686ee5b1f5467cf81e4,70
0xddd460bbd9f79847ea08681563e8a9696867210c,121
0x13e9ec660d872f55405d70e5c52d872136f0970c,44
0xd8bd3958725f216eb236e9dc65b169de48101c6a,286
0xb705268213d593b8fd88d3fdeff93aff5cbdcfae,151
0x49ceb57714000f18f3749cf2d130e135f9c473a4,207
0x76914ca27f3c7422a14c22aaeafbbd05d3f3526b,42
0xd28cfec79db8d0a225767d06140aee280718ab7e,61
0x01a922de9af2c1158dd947ea5b794f0dd995c7df,71
0x9af4f26941677c706cfecf6d3379ff01bb85d5ab,220
0xad5fe5b0b8ec8ff4565204990e4405b2da117d8e,67
0x70ab487ec48b4b9571d346348da0f10737d48a54,437
0x7a093232c5cda300d0db956baef268a523aa7c68,648
0xf03bfb08a807716e3340e175b98b388d2dc56de0,246
0xce1d3da32e3a45d27dc841781f09e40c41cac677,66
0x543ff227f64aa17ea132bf9886cab5db55dcaddf,192
0xbbff862d906e348e9946bfb2132ecb157da3d4b4,173
0xb07ec2c28834b889b1ce527ca0f19364cd38935c,1111
0xe083515d1541f2a9fd0ca03f189f5d321c73b872,103
0x163c2916188a6df1d543de51a85558d7e1d0d2bb,141
0x7501a4f0b6fcf5ab8d682a57e668214edc3d3ea4,92
0x0f7ad5648d05e2f191abb338ddd416f7aa7e95e2,132
0x602087badcb6ed10cc0dff3301b50d6f1993f3b3,329
0x3db6ba6ab6f95efed1a6e794cad492faaabf294d,349
0xd6c523854f08759df65fd335c80a5609e2a28d5f,118
0x86949dc8043a5fd7619a1289d65964ad5ec3d25c,74
0x95abb152ed410cc4b6dffb3ed41d01015bdbb5d2,136
0x1e2fbe6be9eb39fc894d38be976111f332172d83,756
0x9ba742f3a158ec4f7b317270037716cc84aafec1,10
0xabe3c4adf2e614a0c1b4c5402a1e27d54329127b,159
0x697beac28b09e122c4332d163985e8a73121b97f,129
0xb0f14f66cae71164d89e8a0cf0875ef2c32fb660,152
0xbf4ed7b27f1d666546e30d74d50d173d20bca754,17
0xf239fab41de78533fa974b74d7605f1e68f8772e,239
0x49de436ea25be263cb3e8ff1401931c6f9b70660,117
0xf150b9054013552a6288320dc4afe1beebb79d8e,101
0xd27d76a1ba55ce5c0291ccd04febbe793d22ebf4,159
0x7b307c1f0039f5d38770e15f8043b3dd26da5e8f,14
0xaac3090257be280087d8bdc530265203d105b120,354
0x185b257aa51fdc45176cf1ffac6a0bfb5cf28afd,615
0xf966bc1e1ab786830fd98a3f8f978940f8e5c13e,194
0x4a536c1ce7ad7f6e8d2e59135e17aef5ef4dd4e6,77
0x24700a297960e8477ce3ca6c58b70a7af3410398,201
0xe7c79deb6a9b74f691d5f882b7c588bba5db1a20,212
0x2af9a4864464feb6ff4364367366fcf15c562100,105
0x2d07d53c82978fdce1dae5d5dee38923f520dd63,66
0x01ff50f8b7f74e4f00580d9596cd3d0d6d6e326f,316
0x147b51d82a6038607895e11c4191431335b257e3,111
0x0bfa2dff84fba6d6e4f7193b0c58a740e2f1523a,109
0xbf5f8bfcee9502a30018d91c63eca66980e6e9bb,173
0xb2e260f12406c401874ecc960893c0f74cd6afcd,230
0xab51e836bdcbc7cc06d926c50d88328f1bb17148,74
0x9d357d43d9733a1e59e5eb1432f2527e66e2cd43,163
0x4fbb0b4cd8f960ac3428194f1c94c805d5b35836,88
0xeed3ae7b0f8b5b9bb8c035a9941382b1822671cd,227
0x8f7dbf90e71285552a687097220e1035c2e87639,233
0xce00901a0638d758d6f89d59dfa32120d2259b0c,512
0x21f15966e07a10554c364b988e91dab01d32794a,158
0x357aac74d5fc24f271e5652ec6bdd8abfe048505,128
0x71d01db8d6a2fbea7f8d434599c237980c234e4c,149
0xc29004ab38334dc7a9eca1b89d6d4bf9f564d5cf,71
0x8400d94a5cb0fa0d041a3788e395285d61c9ee5e,258
0x4aff03b46792ba7f65403a0d96b2fb8ca8d54367,396
0xf23444084c75b15d76414633abb003d855df4605,1
0xacaca5b8805636608e14c64b0bfffc2deb2c6cec,103
0xc86d054809623432210c107af2e3f619dcfbf652,170
0x684e2dcb12bb755237e07242529c82f78a84ea61,307
0x5aef06ec39e98c05201ee1e54b653c372ecb9cf3,225
0x8b0b3526b414ed5019049326544c07725a30da92,174
0x31f3d9d1bece0c033ff78fa6da60a6048f3e13c5,184
0xcf44a275680b4f099bc7b74961e6e3d2948fe406,60
0x386cabc0b14a507a4e024dea15554342865b20de,176
0xdbe29649c763d18b37c65c8fdd12ccbb241faafd,72
0x2ad8529da0488a7c2a1af1e22d1902f7ad2943eb,117
0xccf6450724e3271a62f1fa751a381fb3c58e68f2,181
0xe2d82dc7da0e6f882e96846451f4fabcc8f90528,153
0x36d10c6800d569bb8c4fe284a05ffe3b752f972c,172
0xc05d14442a510de4d3d71a3d316585aa0ce32b50,116
0x7788d759f21f53533051a9ae657fa05a1e068fc6,118
0x3a26746ddb79b1b8e4450e3f4ffe3285a307387e,96
0x7d3e7d41da367b4fdce7cbe06502b13294deb758,65
0xf53e6deda250bc5fa12793ac49c257edf4efdbc2,167
0x8b35368ccbadbfbf2d19e8d3d8e58e3ddb63853a,93
0x9389434852b94bbad4c8afed5b7bdbc5ff0c2275,106
0xa9b2d2be17f3472f9dfb626531f3821080c00159,130
0xeb417d2e61c13c693f7c62257f347283e0a23b49,486
0xe69a353b3152dd7b706ff7dd40fe1d18b7802d31,261
0x7b94a1281db0335c9efd68aca5c98b494d775c70,196
0x4c251de85ad3498c5b89388d8efc696ddd0b0fe7,1071
0xac838aee2f650a6b970ecea56d4651653c1f84a1,60
0x6059f55751603ead7dc6d280ad83a7b33d837c90,96
0x2cc1060de78aa44e3e6a86102fac93f1de49adb2,166
0xa7ca36f7273d4d38fc2aec5a454c497f86728a7a,192
0x254f91949d4f57b22392ba0278069cf5a9105f05,97
0x0f1ed66c251bcb52ecf7e67ac64bb72482048adb,87
0x13cb49bfbb653795c69846b0c139ad3ef8dcec47,19
0xdceaf1652a131f32a821468dc03a92df0edd86ea,598
0xe841d388ed30c0988d5a2db071062c202f9c3a86,128
0x8716fc5da009d3a208f0178b637a50f4ef42400f,153
0x941b7f6d2f77bf472f491d96d9fdd14c294b892a,365
0x2d4de3c744d43cf77cb12399921faf0d78b7415b,346
0x7b09fb91ed7015b99db9e9ac10a2dd38ac0c85e1,174
0xaaaaa798ebb90066788951e0fc03bc71e6bc2b51,110
0x935636cd4e6a52227c97e68fe2c299305bd6f705,128
0x55c4ec02d22cc26d9dacd5ab5977a62439476e79,817
0xb1ed41dc1fe9b723a31137afdd1201d17917fe91,204
0x72d47cceba146cccde497172decf5e65e03b407c,225
0x869eb8a1a479a80f9907673eae8336625dc3e526,305
0x5f33d158ca7275848f70a3f149b421190df85b32,103
0x1d91b86e5c7b5e85a61eaaea9762958747712826,232
0xade2fc8d9955af2f3a69981c26daaf351cc3d728,235
0x5ffc014343cd971b7eb70732021e26c35b744cc4,109
0xc86a3ac9a4997926631e658e63235ec8b526c97f,270
0x3618516f45cd3c913f81f9987af41077932bc40d,236
0x8a9ac2ce73b37d1719989a854f83d456762ea303,225
0x82b0e50478eeafde392d45d1259ed1071b6fda81,73
0x459f7854776ed005b6ec63a88f834fdab0b6993e,235
0xd341d1680eeee3255b8c4c75bcce7eb57f144dae,137
0xca2796f9f61dc7b238aab043971e49c6164df375,214
0x6aeb95f06cda84ca345c2de0f3b7f96923a44f4c,219
0xf487e54a41660ef17374f6ebf8340c6ef3163f30,93
0xbc2afc039d2bfa67d582ac181dab5be17ec91f82,902
0x84119cb33e8f590d75c2d6ea4e6b0741a7494eda,136
0xe2ee1ac57b2e5564522b2de064a47b3f98b0e9c9,184
0xc3af5103551287cfc8f12d7bfe208e0c2c3c3ff1,147
0x83fa34ffd45dced0482d92048d04823556351520,45
0xbdeb4b83251fb146687fa19d1c660f99411eefe3,205
0x4304bd6506aa9d2708eed2aea1cfcb0adaf652e5,95
0x4355fc160f74328f9b383df2ec589bb3dfd82ba0,236
0x27dce1ec4d3f72c3e457cc50354f1f975ddef488,290
0x2cc114bbe7b551d62b15c465c7bdcccd9125b182,304
0xc5b106f17246b2f5c0c658dbd6e8d168695806ab,99
0x65a15014964f2102ff58647e16a16a6b9e14bcf6,306
0x78021abd9b06f0456cb9db95a846c302c34f8b8d,78
0x1b80eeeadcc590f305945bcc258cfa770bbe1890,473
0x0e12bcbd1300f3e04205ad947fe154f7118e467b,251
0x72430a612adc007c50e3b6946dbb1bb0fd3101d1,128
0x8e87f1811de0025d2335174dbc7338a43df6d7cc,258
0x9e6b2b11542f2bc52f3029077ace37e8fd838d7f,224
0xf0ad5cad05e10572efceb849f6ff0c68f9700455,735
0x1e26b3d07e57f453cae30f7ddd2f945f5bf3ef33,60
0xbe60333fe9d9d10d2801e11c2a0e5060c83c8b30,624
0x167cb3f2446f829eb327344b66e271d1a7efec9a,402
0x7723737d529c2b42e4d218ad7e0a20354fbc7071,156
0xbf29685856fae1e228878dfb35b280c0adcc3b05,233
0x5adc961d6ac3f7062d2ea45fefb8d8167d44b190,576
0x088dfd01e4e279d9b9b89690dc1682c89fee1dcb,218
0x40adfc7c23c22cc06f94f199a4750d7196f46fbe,94
0x33bfd20660eeaf952e8d5bc3236e1918701f17d0,65
0xd9a72fec8683db0666769d841d6d127f350b4418,119
0xeecfa1f63f9cce7ae80a49d5341dcba2563d72e1,67
0x8a854288a5976036a725879164ca3e91d30c6a1b,289
0x4fd8ba5d02259931438c325338bf543a5d2ad733,105
0xb57919aebb30812ae188dbe238bc907d56ba4a3a,273
0xa838be6e4b760e6061d4732d6b9f11bf578f9a76,256
0x7cbc8ee27ffdba230dd316160ea01d565f17aacb,169
0xa1a6f16d26aa53aec17e4001fd8cb6e6d5b17ff7,391
0x28c8d01ff633ea9cd8fc6a451d7457889e698de6,69
0x7f4c1ea56e9e4ab0b47bddc396f131074919e25f,149
0xa6f53672a40ab4ef7ffd8497d8abb843718ecb22,182
0xc6abf3c09341741ac6041b0b08195701bdfd460c,304
0x3665d085e997bb00d59c1ece3e1189f1a1a47302,98
0xfd107b473ab90e8fbd89872144a3dc92c40fa8c9,708
0x3d96695dec050d1d57feaa22b42078bc12f557d1,72
0x900b4449236a7bb26b286601dd14d2bde7a6ac6c,105
0x04abeda201850ac0124161f037efd70c74ddc74c,212
0x0c31f4ac8f7d6958e9226b4faf5dd7f235b9d552,183
0xd9485499499d66b175cf5ed54c0a19f1a6bcb61a,186
0x40b8047464f87ba3982f9a938420963fb937e6d5,128
0xfb1e5f5e984c28ad7e228cdaa1f8a0919bb6a09b,256
0x8e89c7da6312aa236fc4c3f1f27fd6314f33a9ba,339
0xf81a850ee58fdd08eee998deeb4652edc5f2a4df,102
0x5c3bb81d0e1391361b3198d02fe883dff1ba70ad,67
0x4a7babfafe46456bc4e965d6fbeaff7f01c8b330,128
0x31af195db332bc9203d758c74df5a5c5e597cdb7,543
0xb6ee9668771a79be7967ee29a63d4184f8097143,272
0x8810c63470d38639954c6b41aac545848c46484a,67
0x687174f8c49ceb7729d925c3a961507ea4ac7b28,302
0x86ad632c36425f0e0af2fcd6f55c160e10c04b26,192
0xe4bd56cbf537074e3836a1721983107cce9e689f,371
0xd0059e9d822c471f394ae5974d783e86b2aa0853,70
0xf8e386eda857484f5a12e4b5daa9984e06e73705,203
0xfc79774fb9dedeea2325d0d5570554eddc4e6747,174
0xfeca834e7da9d437645b474450688da9327112a5,298
0x6710c63432a2de02954fc0f851db07146a6c0312,256
0x6ed680055bd5a04c194c954f71019ee90145001c,690
0xe81d72d14b1516e68ac3190a46c93302cc8ed60f,72
0xd8446236fa95b9b5f9fd0f8e7df1a944823c683d,149
0x737f98ac8ca59f2c68ad658e3c3d8c8963e40a4c,103
0x172e09691dfbbc035e37c73b62095caa16ee2388,2250
0x273f7f8e6489682df756151f5525576e322d51a3,593
0xde2f7766c8bf14ca67193128535e5c7454f8387c,154
0x02725836ebf3ecdb1cdf1c7b02fcbbfaa2736af8,165
0x71a982a028c9d4b0566041a78df12b810462e155,128
0xea1f346faf023f974eb5adaf088bbcdf02d761f4,181
0x7d34c87c34a12f80912c452c528dbd24d8520e69,391
0x7468947690bca3549556c476b24bb970324aee66,97
0xcf8800f7cd90cbf3b7f5eb3681db88d8c686f54b,172
0x5dbe296f97b23c4a6aa6183d73e574d02ba5c719,145
0xe55f8e53adecac547f892f9bb4abcc3355b1bd10,155
0x0235fe624e044a05eed7a43e16e3083bc8a4287a,150
0xace62f87abe9f4ee9fd6e115d91548df24ca0943,407
0x2956356cd2a2bf3202f771f50d3d14a367b48070,124
0xb5b8f5616fe42d5ceca3e87f3fddbdd8f496d760,114
0x56bfead31c2c6a3bdeb0891fab022c0b90ea43f1,117
0x4af328c52921706dcb739f25786210499169afe6,71
0x767588059265d2a243445dd3f23db37b96018dd5,219
0xd42debe4edc92bd5a3fbb4243e1eccf6d63a4a5d,112
0xbc05e610eaac542bfa64504025413291beb58d36,473
0x5ca381bbfb58f0092df149bd3d243b08b9a8386e,258
0xaff69c67f5dbbdd088ccbc6d47cb9e0ea547e132,1050
0xc98e0639c6d2ec037a615341c369666b110e80e5,114
0x3aa927a97594c3ab7d7bf0d47c71c3877d1de4a1,807
0xc20464e0c373486d2b3335576e83a218b1618a5e,96
0x9b73d1779c41dca36314fb7c4d3309838e20c4e7,308
0x490c95be16384e1f28b9e864e98ffecfcbff386d,391
0xce53a179047ebed80261689367c093c90a94cc08,234
0x47b28f365bf4cb38db4b6356864bde7bc4b35129,143
0x8d5a69dc82a47594881256f2eef81770274fa30f,128
0x6ed1f59206a71600b50e27d7c910fd882754d6a8,761
0xe0e32ae60f099ef844c39371fb3bb346eabf9409,174
0xf37c4a962e70d813a4d9825942141cd9bc5169fd,333
0x4a527d8fc13c5203ab24ba0944f4cb14658d1db6,269
0x66e5dbc7fece1d31eb60af8cfa0563ec0d1a81bd,106
0x632f62fcf63cb56380ffd27d63afcf5f1349f73f,301
0xfc0555aca4a78be9668993b39739d1d2616c75b0,166
0x5e888b83b7287eed4fb7da7b7d0a0d4c735d94b3,350
0xf77f4810e7521298a6e2a04f82a6c3492706d74f,67
0x5301eae39a4cba1cc2a74e861fded062ca3e3420,178
0xf8b358b3397a8ea5464f8cc753645d42e14b79ea,173
0xeb96f4caaea05e69f41c25ae42b58ffff7df628d,81
0xf18432ef894ef4b2a5726f933718f5a8cf9ff831,381
0xef6dd40eff935626ee2ba971a90e6897e4cbbf8b,125
0xe018d6a4ff75f4327e8dfb3f8d8872618f6a03bb,174
0x14c926f2290044b647e1bf2072e67b495eff1905,331
0x146d8d942048ad517479c9bab1788712af180fde,131
0x581bd3322a90866e5da8060b9d64d7904394ad42,76
0x8db54ca569d3019a2ba126d03c37c44b5ef81ef6,172
0x4bcba674eec03d47a24f607518eb59e400dd2acf,262
0xee4458e052b533b1aabd493b5f8c4d85d7b263dc,376
0x7c84e62859d0715eb77d1b1c4154ecd6abb21bec,137
0x7c7d518689798fd5f9e6ccda4e222b9d6e6f3b97,347
0xd7b3669c7d3e38ab5a441383d41f25e003e02148,171
0xcd85f4fd1c87d6ba898b697c13ded067e5041a32,111
0xe964c79a2a6a94365c0b0c07a65f1c882e3f4059,74
0x3032b9e916a575db2d5a0c865f413a82891bd260,74
0x27e7383e49be6fd965805a0302b32e40c3d9981e,55
0x47bc01597798dcd7506dcca36ac4302fc93a8cfb,141
0x8993db1795b9a7b317b98ebfa4c971f225bf1248,139
0x039f5050de4908f9b5ddf40a4f3aa3f329086387,149
0x48845c3da5bb1a4060fa2cea0ad5a3ef3af9a874,57
0xec985525f3f22c7fa9c9ff4a49e37589a76d86d4,103
0x8a99ed8a1b204903ee46e733f2c1286f6d20b177,125
0x6560a9b6436e129cf835ab9da96201207facd4f8,303
0x53148bb4551707edf51a1e8d7a93698d18931225,176
0xd8d3ee0d39028b8899926a89983537ab537e70f0,114
0xf04a8ac553fcedb5ba99a64799155826c136b0be,183
0x54318a379935d545eb8e474a191e11faac5a46e8,65
0x57838ff342f36a1ec18224981ea8715a4667fb3a,74
0xa13f0743951b4f6e3e3aa039f682e17279f52bc3,235
0x7568b9ece8966ae20e7f5edf90bcd6b77c2a47ca,24
0x048fe49be32adfc9ed68c37d32b5ec9df17b3603,286
0x91d04cae7ec01de3de98e028b999a2edb129b169,70
0xfd45e61e085b3e7a1990a47828d757755b206eee,160
0x52d19f0baf633f4222f55c030085f5cd24bf984d,112
0x89c6c856a6db3e46107163d0cda7a7ff211bd655,187
0xb84e224216fec19d8631a0ad187326bc48f91b6b,688
0xbb49a51ee5a66ca3a8cbe529379ba44ba67e6771,288
0x1e0447b19bb6ecfdae1e4ae1694b0c3659614e4e,4112
0x9df7eea1176ba778eedaefbfe1191c9e16e2e860,78
0xb1c1cb8c7c1992dba24e628bf7d38e71dad46aeb,215
0x672a1ad4f667fb18a333af13667aa0af1f5b5bdd,330
0x98f777fb9139576902bf7f35956ca015ddc1569f,143
0x6956983f8b3ce173b4ab84361aa0ad52f38d936f,160
0x07a58629aaf3e1a0d07d8f43114b76bd5eee3b91,158
0xa0457edcf4cf27eca91b8a4d02ed9816689115fa,88
0x87ed87a34adc1ecc62232f248d74fe1f81e5da68,105
0x6bd50f3589916783b5366262d51700ee81d31b7e,218
0x1864ce27e9f7517047933caae530674e8c70b8a7,147
0xa6446d655a0c34bc4f05042ee88170d056cbaf45,211
0xec7954f452a6473c21c4078501f0bcf8b266bc99,137
0xcb234d0e329b2ece05dda67b7db7a3176def1a74,76
0xd7631787b4dcc87b1254cfd1e5ce48e96823dee8,105
0x999d332eee57452cf07bceec365fd35ba5c142cb,256
0xc0b52b76055c392d67392622ae7737cdb6d42133,161
0x9f103cd6fb907928351353e6f339c3fdcd5ee05c,235
0xfe73a07fa11ba0a8480159f405d35d0b55f826e8,156
0x41a322b28d0ff354040e2cbc676f0320d8c8850d,323
0xcb47c89cb17c10b719fc5ed9665bae157cac2cb1,1110
0x594120039687ddaab50c4ab03bada20eb4b218f6,67
0x61110e5f6872380264774e3eb83bfd09587c49e6,84
0x6851a80b7655e36e1f04e383b5946dafe9c63ab2,354
0x5fa1ea99eb3acc1f9e84cf28fde6431b8fdc9dc0,225
0x50212e78d96a183f415e1235e56e64416d972e93,148
0x23ccc43365d9dd3882eab88f43d515208f832430,328
0x6fc9c554c2363805673f18b3a2b1912cce8bfb8a,92
0x63a389435f370f8aec9ddb179483bdf16d189d1c,804
0x31ead6a10b5215321afa8bef2f05aa271508fa6c,79
0x97a89a0286a673ac8cdabbc42e5b2aaae74b09e5,221
0x58ea969c48d5d12dad1210d8482af7f69d53f6fe,199
0x7f35d9f88ace99168c2cfa026c969459db486afb,365
0x808508acb3f5f9aef7950375bedb8f001cccab77,807
0x50430b6201c9859c91a5590ac71700cc71499a0e,273
0xd989a04ad891528b571ef73dacaefeb0402a65b3,1607
0x55648de19836338549130b1af587f16bea46f66b,98
0xeef8102a0d46d508f171d7323bceffc592835f13,161
0xef88808d0fbb5c0c2c89f6d9b45eda53c0150993,224
0x93a6efd1c4076b05526d6263aafd91942f75e4a4,96
0x1f4215fe007ee5b170391241656a28a8bd13826e,242
0x954b890704693af242613edef1b603825afcd708,104
0xdda9bcd985b1169607546b52910a0269dff5baf1,831
0x60d988739381d055ba9863154ad8cf2123031f88,758
0x5d0fdc4f46af16d28324788a2ff4e86b1667d578,74
0x3aa5fa4fbf18d19548680a5f2bba061b18fed26b,229
0xbd73e675e1fa3d60a302c797df5c82e558da7ce1,296
0x2aec18c5500f21359ce1bea5dc1777344df4c0dc,325
0x2e071d2966aa7d8decb1005885ba1977d6038a65,116
0x5b11aacb6bddb9ffab908fdce739bf4aed554327,108
0xcc74cb21eba98fda21da9a75ef0c1fa26c9b03c4,111
0xbb1fa4fdeb3459733bf67ebc6f893003fa976a82,99
0x80d09da032f4293b1f1295274509cb76c2a5dc42,109
0xd47fdf51d61c100c447e2d4747c7126f19fa23ef,38
0xf8a15b1540d5f9d002d9ccb7fd1f23e795c2859d,223
0xb2a2a66d2a813ac32b940c406f14a06b390d442a,307
0xae84013bb37ef96abe16f5017a50c1e4d870a331,109
0x6c228badcf181febf7f3b4a61f8e26086942a3db,357
0x241ba672574a78a3a604cdd0a94429a73a84a324,273
0x8762db106b2c2a0bccb3a80d1ed41273552616e8,350
0x60c68a87be1e8a84144b543aacfa77199cd3d024,193
0xa783b02ce5853ad798b6fd0417c729cc462328df,395
0x9b9eac3edd2a9d08506eb7b0e8935742ef88c673,114
0xb354bb7b7f9e528ccec735f5289ae0c09fe4e32e,217
0x98ecf84ac50aa3c090f88b04676babc296d03527,619
0x8a6284155d31a62c531f70daacff3ada333f9019,139
0x78774d1c3277b83459c730921bff11019017b233,82
0xf84c61bb982041c030b8580d1634f00fffb89059,517
0x3839d8ba312751aa0248fed6a8bacb84308e20ed,121
0x973e52691176d36453868d9d86572788d27041a9,231
0x57831a0c76ba6b4fdcbadd6cb48cb26e8fc15e93,382
0x2d3e7d4870a51b918919e7b851fe19983e4c38d5,498
0xce853db3359326db6d03981c9fb42983bbcdd007,97
0xf4c90e18727c5c76499ea6369c856a6d61d3e92e,55
0x2fa0ac498d01632f959d3c18e38f4390b005e200,218
0x5661c46e366570360064ae1a50a17a7a1a8f3236,69
0x35ac488b773dac506ee857895ee9dc34b250f313,606
0x2cdb31dd47c47577a3c9e401026989f835dd6c77,110
0x5003b168b457b663c3c18ffcf5b6a24bee8f59c7,67
0x1b22c32cd936cb97c28c5690a0695a82abf688e6,400
0xe1fd7cb1a330c48cc0a09d31f0786b61bfc43f71,288
0x90e76c2c45599443339eca66bec2d05f20bb6f12,109
0x906b3f8b7845840188eab53c3f5ad348a787752f,247
0x093e5c256ff8b32c7f1377f4c20e331674c77f00,130
0x3de6c747af232d898b5526ef99a53c342662e1c6,70
0x587e276dc7f2c97d986e8adf9b82d3f14d6cd8d2,753
0x5a86568f9bbf7c31e30bf40f569762ca82ceb93c,218
0x01f2acf2914860331c1cb1a9acecda7475e06af8,175
0x50ee674689d75c0f88e8f83cfe8c4b69e8fd590d,224
0x71c118b00759b0851785642541ceb0f4ceea0bd5,571
0x90d46a9636b973f18186541d1b04ed3621a49cb0,220
0xd234bf2410a0009df9c3c63b610c09738f18ccd7,79
0xb6fc6e2385d55ccb83e297bd92e2bd89795b47a3,1265
0x8c15ef5b4b21951d50e53e4fbda8298ffad25057,223
0x354a16be55329b65837dce830cfd71265da0f53c,149
0xb39e9b7edf793611b615faa6e546ed68a23f7006,42
0x528b165220a26565e00709cbaef7b88fc8600f81,465
0x8faf0be1465b9be70ee73d9123b2a1fdd9f2aae4,192
0x378903a03fb2c3ac76bb52773e3ce11340377a32,134
0x9a9bb9b4b11bf8eccff84b58a6ccccd4058a7f0d,219
0xc28e860c9132d55a184f9af53fc85e90aa3a0153,275
0x8f4d305a521a45b72b44cf96740f87a634e85143,539
0xaaaebe6fe48e54f431b0c390cfaf0b017d09d42d,154
0xa834150b855f7a1dd2ac1356059722dc2ac58393,121
0x25fdf7f507d6124377e48409713292022d9fb69e,408
0xbb1f24c0c1554b9990222f036b0aad6ee4caec29,223
0x2ba94c2fbb89e3b631629f38ebf1d888c1825ab3,170
0x14d9779b6585f3a7d4f768383b3cb030705dad2e,73
0x52928c95c4c7e934e0efcfab08853a0e4558861d,256
0xb26631c6dda06ad89b93c71400d25692de89c068,194
0x2af47a65da8cd66729b4209c22017d6a5c2d2400,474
0xdf1d6405df92d981a2fb3ce68f6a03bac6c0e41f,277
0xe884cc2795b9c45beeac0607da9539fd571ccf85,134
0x94ffb55ce68231c5966ea8dab16a8f066846513f,197
0xabc1280a0187a2020cc675437aed400185f86db6,148
0xdee6c61630e8363f96f4fe4085b66795b79cefc7,71
0xeb2da9fac54284cea731d1f10bb34eecb3c00c14,94
0xdecd5780a9d50a96f34ce7e9e636903f6f3b47f5,65
0x923108a439c4e8c2315c4f6521e5ce95b44e9b4c,564
0xf6317dd9b04097a9e7b016cd23dcaa7cfe19d9c6,37
0xe8663a64a96169ff4d95b4299e7ae9a76b905b31,192
0x965f109d31ccb77005858defae0ebaf7b4381652,122
0x5972b6cf589f67b362a529433c012185fbae8cfc,228
0xff0e5e014cf97e0615cb50f6f39da6388e2fae6e,235
0xd9efb77fd4041a28f0108eb8726de2505817c6d1,213
0x0b84edecb764299ca228e75bbcadd6ebfee91d4e,113
0x9f408f054cd19350df13a298ca7fc2aae27bf94f,60
0x88a3e4f35d64aad41a6d4030ac9afe4356cb84fa,110
0xc75506deae7c01f47bcd330b324226ce9ba78e30,1070
0x38405fa410c6eba342f9eb5ac66b2aaf6498c8e9,71
0xfbe0e9846bd736b84a0a973322ad2a1fc8d7e5ca,85
0x2d184014b5658c453443aa87c8e9c4d57285620b,313
0x106aa49295b525fcf959aa75ec3f7dcbf5352f1c,127
0x0abefb7611cb3a01ea3fad85f33c3c934f8e2cf4,135
0xd4973b9a96e1030ed260781e36544756249045ce,57
0x8aa33a7899fcc8ea5fbe6a608a109c3893a1b8b2,125
0x9002d4485b7594e3e850f0a206713b305113f69e,315
0xfef5497bc53a69875e02ae5b14eeff668f09a729,537
0x44509b653788fba0ecd37c0b0ebc9475a5792328,102
0xae506bb28ed79b29c6968ab527d1efdc5f399331,37
0xff98a08c143311719ca492e4b8c950c940f26872,112
0xa4fb385820a9eef842a419e08f8540fd7d1bf6e8,57
0x90335e6f8cf5b4b3cc28217b6b2ece290439e492,150
0xb547cc51ce58293e6945ba08d664ce051563d9ac,726
0x5f6e7fb7fe92ea7822472bb0e8f1be60d6a4ea50,226
0xf9c402ac9aa43857e2fbf541ca1d38291d412e3d,113
0xb7fc894f2b6764e114362d303e491709a85c01c2,197
0x9686b875439dd142b0f2008b6596d6313a68a937,47
0x44f588aeeb8c44471439d1270b3603c66a9262f1,167
0xf2eab3a2034d3f6b63734d2e08262040e3ff7b48,74
0x1a0c31837edb132a9312841b9527e6307db13509,114
0x44e4963f9012e7a7aeee05b7f2caae3419557aea,102
0xb60524d00de642355eb7992184788fa151e862f8,60
0x503f9794d6a6bb0df8fbb19a2b3e2aeab35339ad,123
0x165cff19221424adb30e5daf6319a69890a19183,19
0xf5ed2dc77f0d1ea7f106ecbd1850e406adc41b51,182
0xa858bc1b71a895ee83b92f149616f9b3f6afa0fb,114
0xff5979877bb6550fa69f839a7977c9270ec442bb,71
0x75efc1111f98f2d5dcec9851c8abc77cd5e6ced8,94
0x03806ce5ef69bd9780edfb04c29da1f23db96294,72
0x35223bc965dbd91b41ddf1f540e8c7e475853551,371
0xa38b7ee9df79955b90cc4e2de90421f6baa83a3d,89
0x60002b9904a3cdebad33dab9d3df768034d76017,77
0x5f742383b6d1298980030d6af943b76cdd902143,323
0x7b0c06043468469967dba22d1af33d77d44056c8,162
0x314dc48e17e904afd13927cb2a5cb7dc46d88a1a,117
0x2a185c995373a766979e645d0912d30e27aa56f6,472
0x91654eaf7828e7e05d2847aa27405d9925c3dc0d,66
0x574f84108a98c575794f75483d801d1d5dc861a5,158
0xb236e2477b8ed34b203b60e2b88884ee5b31a3c3,202
0x17f8afb63dfcdcc90ebe6e84f060cc306a98257d,285
0xd53370acf66044910bb49cbcfe8f3cd020337f60,276
0xeb9a4b185816c354db92db09cc3b50be60b901b6,179
0xa5cc679a3528956e8032df4f03756c077c1ee3f4,412
0x2604fa406be957e542beb89e6754fcde6815e83f,138
0x6f7a4bac3315b5082f793161a22e26666d22717f,182
0x568f9f32969e29b5ce1a4545be5398e8cc7c4401,242
0xd006fa2869e71d04fcc5625a210b85b71d646679,67
0x47ba0689fbd72936749b007d18dfb75d34bf241b,473
0xae353daeed8dcc7a9a12027f7e070c0a50b7b6a4,128
0x5eb87caa0105a63aa87a36c7bd2573bd13e84fae,345
0x6911270d4bc1915744aedd785d41d44f47245bd0,112
0xc78593c17482ea5de44fdd84896ffd903972878e,67
0x0bef619cf38cf0c22967289b8419720fbd1db9f7,101
0xcac00d55c89a2baaf37768e548d9c7ccd9fb8786,75
0x1063ce524265d5a3a624f4914acd573dd89ce988,288
0x018d7d179350f1bb9853d04982820e37cce13a92,251
0xb6232969a6c1f995c802b8ed84265e4f7f92076d,171
0x7865af71cf0b288b4e7f654f4f7851eb46a2b7f8,108
0xd9c7e5b218818cb8ffa4fc5966c5ea5d99c30e1a,93
0x05e7039c7afd77157845d9a4f1750b8ca93ec378,101
0x3448209268e97652bb67ea12777d4dfba81e3aaf,542
0x1b957dc4aefeed3b4a2351a6a6d5cbfbba0cecfa,240
0x412c003380e08921be3ee7ee5830d3a00dd7e589,71
0x8888887c5ede327afbeb15019598aaa3b4fae759,737
0x5df18a3c0572b8591084a2c78711be7e3aa711ab,342
0xc4a21f9a38b813b2c8e3f2e01c8d7547a99ed2b7,2276
0x029606e5ec44cad1346d6a1273a53b971fa93ad6,184
0x86fe3c20379ac71ebbf8c0499b41fd2b457e4e9e,656
0xd10cbb3ca3ac21da64009dd394b3f3125243b67d,256
0xebb060f9d0029082a04f78d84b9fb9d3d26f9a93,485
0x436f0f3a982074c4a05084485d421466a994fe53,172
0x1bdf56c9593590122fd8750555d8148da2b80be8,223
0xe1c0b6b42f9e51b3b9fa41296589d4076a282664,76
0x0e5632feb2c2619dba9c7e2dc5a7ed3fd14969da,288
0x611ce695290729805e138c9c14dbddf132e76de3,43
0x98da3b3da368a23693eb609d5ce2d779896a31b5,143
0xea642206310400cda4c1c5b8e7945314aa96b8a7,72
0x240bae5a27233fd3ac5440b5a598467725f7d1cd,278
0x001575786dfa7b9d9d1324ec308785738f80a951,121
0x4de2573e27e648607b50e1cfff921a33e4a34405,179
0xa1e4608ff6b4b9324c6472eee2efebd20a20bbe8,85
0xd2946be786f35c3cc402c29b323647abda799071,184
0xb879da8b24c9b8685de8526cf492e954f165d74b,362
0xd4078bdb652610ad5383a747d130cbe905911102,133
0x1822126feedb4c7d61eecdbe3682fe61e91383d6,307
0x7dc4f41294697a7903c4027f6ac528c5d14cd7eb,90
0xf23ddd52ea2b0500dc6a9b8d492ade858f23ff25,71
0xe642b6f79041c60d8447679b3a499f18d8b03b81,756
0xdf4703c56d1497a33c3fe75c2ee4ba02515778e9,278
0x9b70740e708a083c6ff38df52297020f5dfaa5ee,94
0xfe61de59069bc1e29ccd6fcfe957743362f2cf54,61
0x763186eb8d4856d536ed4478302971214febc6a9,183
0x56d1ae30c97288da4b58bc39f026091778e4e316,204
0x805ea54bdf2db9481cc8a019d9517e939c637115,421
0x80353044b382e8642a423069585ba13d98a42c59,471
0xf45e406067798d2df7913704edcc2ac8d07f3d9e,88
0x17e67d1cb4e349b9ca4bc3e17c7df2a397a7bb64,72
0xbc46d9961a3932f7d6b64abfdec80c1816c4b835,104
0x0f90ef4e2526e3d1791862574f9fb26a0f39ec86,1098
0xeae08961bf8bfe92879b1455c96893e313c8d858,781
0x5a84969bb663fb64f6d015dcf9f622aedc796750,120
0x162c91e864d37055f7d5696b845f3af520cd911d,127
0xd4e26b4e8e9881e8905315aba189b694f2307757,166
0x7a173fbb00c036b291d4db78ef62d99577e65ea9,92
0x2ecb13a8c458c379c4d9a7259e202de03c8f3d19,370
0x0371a82e4a9d0a4312f3ee2ac9c6958512891372,282
0x813b428af3920226e059b68a62e4c04933d4ea7a,240
0xba34e436c9383aa8fa1e3659d2807ae040592498,456
0xea097a2b1db00627b2fa17460ad260c016016977,301
0xe49dfa7494ee469ebe7ae5e363f28f1c8fac25e9,107
0xdae1baf249964bc4b6ac98c3122f0e3e785fd279,251
0x3c337fa1bf8725f59f73db6db719c792c5e8ae74,126
0x30680ac0a8a993088223925265fd7a76beb87e7f,309
0x4209f9bbb4e4dd48dbd84701fcaaab1d492b5a05,624
0x722b035cdaf0daf521ead7bc3496029a280e6249,218
0x6aedbf8dff31437220df351950ba2a3362168d1b,163
0xa7d81c86f9934b56dd00fa826c319330d628d31f,262
0xeea8cd2150b0438555b515f0bdd1ded0d84eab8c,57
0xbfde6246df72d3ca86419628cac46a9d2b60393c,382
0x67a8c7edadd6827056f489abdff85fb5a4b2182c,199
0xd819e948b14ca6aad2b7ffd333ccdf732b129eed,81
0xaa7427d8f17d87a28f5e1ba3adbb270badbe1011,186
0x3643ed7a06ebdd39aa18f8bb2f357afeebafd62b,133
0xad41548fa92921597da3ae783a330396b47cba3c,353
0xfa55951f84bfbe2e6f95aa74b58cc7047f9f0644,205
0x7046b8988d591b46c1e4562a1166745f24167a17,128
0xa8c7f56c90b20afaae9f7a006ca2df1dfba56279,443
0x3a1237d38d0fb94513f85d61679cad7f38507242,128
0xe8a51be86ad96447d45ddeddc55013f25157688c,756
0xa44e5137293e855b1b7bc7e2c6f8cd796ffcb037,155
0xef6d51c4bb5e197bc2005fe49ba475bda5a302c6,69
0x9f041bd63644f3727537a190c132a20966c3770c,39
0x79febf6b9f76853edbcbc913e6aae8232cfb9de9,737
0x5bd574410f3a2da202babba1609330db02ad64c2,122
0xa3296436f6e85a7e8bfc485e64f05e35c9047c92,100
0xfe4455fd433ed3ca025ec7c43cb8686ed89826cd,198
0x0eee3715d385ecefc6afd9fbf30ddee725be3de1,112
0x2ccbff3a042c68716ed2a2cb0c544a9f1d1935e1,215
0xd559f20296ff4895da39b5bd9add54b442596a61,197
0x0f612a09ead55bb81b6534e80ed5a21bf0a27b16,184
0x2a99f048cfb176f889bc8972267a6e8c1e907616,169
0x20bd491fee75b6af6c2100c83b83312d620f2958,717
0x6b6220677b93e8fc9dc3ffe582e481b7a56c79a9,196
0x9720b467a710382a232a32f540bdced7d662a10b,297
0xee8bd1502c3e9f6c543781467c01592ac51cfbb8,127
0x9df3a24d738ae98dea766cd89c3aef16583a4daf,606
0x500565e098d98a273224ec8fb33d98dc8946f8b9,322
0xb679afd97bcbc7448c1b327795c3ef226b39f0e9,153
0xaf0e27602eaa73fdf4849806d75bdfc77fb95217,43
0x26eb39228eb4bb98c84ad821bb51464121b2276d,59
0x5fc6de61258e63706543bb57619b99cc0e5a5a1f,132
0x464ebe77c293e473b48cfe96ddcf88fcf7bfdac0,218
0xa31a1f15f94a5bb3012cae593c2c15217e9e21a4,112
0xe1144e3cfda7a6d40ae60a968c1edc8ad54aca70,225
0x9884d4e9b305ad015168e9d6e4400582dce2cd59,414
0x8f3d6447a647ecf3c185ecbb165d2e6c41fad547,1116
0x954b5de09a55e59755acbda29e1eb74a45d30175,72
0x78b039921e84e726eb72e7b1212bb35504c645ca,128
0x919d3a363776b1ceec9352610c82dfaf80edc32d,109
0x20f7a3ddf244dc9299975b4da1c39f8d5d75f05a,224
0x0142c3b2fc51819b5af5dfc4aa52df9722790851,139
0xd3c00772b24d997a812249ca637a921e81357701,76
0x06404399e748cd83f25ab163711f9f4d61cfd0e6,280
0xedd7c94fd7b4971b916d15067bc454b9e1bad980,166
0x34094acd5d62f0b9a17aeabf3c6992677ed5484b,117
0x5554e04e76533e1d14c52f05beef6c9d329e1e30,198
0xa5f8fc0921880cb7342368bd128eb8050442b1a1,305
0x1afafc35b364595f06e89a0429c5762452eb7ffd,287
0x621d78f2ef2fd937bfca696cabaf9a779f59b3ed,153
0x139d9397274bb9e2c29a9aa8aa0b5874d30d62e3,232
0x2fa32a39fc1c399e0cc7b2935868f5165de7ce97,150
0x61245b6a6678f3158a37ab2c5e52369b9f452318,121
0x24da016c06941ec2c92be28e0a2b2e679f0d1dc7,1098
0x449574c69f3a658794829ed81639a7a9ece041e1,84
0xb9c6782f875f92670342dd5e1ff1a57b41588ce2,162
0x95c9bd1f81cee7391da3eac81693e60f3292c1e0,95
0x0228528581c01a303d59d8cf6b72bd5a5d219458,81
0x014b50466590340d41307cc54dcee990c8d58aa8,140
0x07eefa3789a3298bf62f0427f07bcd1127322424,225
0xa04ebf9bf9994ec776b6e8621b8ac75e32767dcd,236
0xeb61a78f06fc606d82892a38ea581c2bb7f82570,26
0x4b04633ee658d83a24a91e3a1b244221800d89b4,171
0x5d0d76787d9d564061dd23f8209f804a3b8ad2f2,1137
0x792e0fc822ac6ff5531e46425f13540f1f68a7a8,400
0xb7458eddbb126d82ef563d1b9bfacfd30c67291d,76
0xb97b5dd6fd79614ec0c6bc96a3660800e53405fc,46
0xf7ed56c1ac4d038e367a987258b86fc883b960a1,731
0xffe510a92434a0df346c5e72a3494b043cf249eb,473
0x7c21d723af0f4594d4f8821aa16bc27c8ea6cec7,200
0x93b7fa538913201066a262c03179c342262a7c76,393
0x9161ffceede0e8b895be72daed25196e41a2dbec,91
0x0eeb66edff8ccfd85c2181eff81d8275a3b92b8b,76
0xc12d099be31567add4e4e4d0d45691c3f58f5663,154
0xcdd6e4a8af49493ed5984d57e5e5c292feb9596d,184
0xd7cddd45629934c2f6ed3b63217bd8085d7c14a8,70
0x971d048e737619884f2df75e31c7eb6412392328,636
0xe3278df3eb2085ba9b6899812a99a10f9ca5e0df,183
0xce958ecf2c752c74973e89674faa30404b15a498,134
0x85089389c14bd9c77fc2b8f0c3d1dc3363bf06ef,154
0xee22430595ae400a30ffba37883363fbf293e24e,68
0xafc39788c51f0c1ff7b55317f3e70299e521fff6,67
0xb3bd49e28f8f832b8d1e246106991e546c323502,215
0x02557a5e05defeffd4cae6d83ea3d173b272c904,513
0xece83617db208ad255ad4f45daf81e25137535bb,93
0xb0dd7c86b9fb49a5a2377111d9b5eedef2f99880,58
0x2c82c73d5b34aa015989462b2948cd616a37641f,415
0x873224aca7ecb10811807b2899211b209b56a867,65
0x28dee01d53fed0edf5f6e310bf8ef9311513ae40,258
0x6ddca767d731f57d90a516dd751f2aa9282b37d2,101
0xb96f547da042737c95d7f9397cd86068d0a817a8,1
0x2f77b0e2ed1a288a53a9ae681dd0368a28188c56,142
0x2df4031060e27faec80e66380d31b142b7bbfa61,103
0x3a1bda28adb5b0a812a7cf10a1950c920f79bcd3,224
0xeb72f169016fec42b63ae5e87207f0fb274408c7,189
0xc45ba8f03ac63e4505ac5eed4985fb4e5e94383a,305
0x95a41fb80ca70306e9ecf4e51cea31bd18379c18,69
0x94298f1e0ab2dfad6eeffb1426846a3c29d98090,76
0x1f35a281036be57e64e7e7a2a556b4f888a1b829,266
0x198cb860bf0cbe4fdd2e19d2ba43aa46fc8a83c0,106
0x63825c174ab367968ec60f061753d3bbd36a0d8f,354
0x90cc5df88b471e554aa63a18e2370f582709f1be,83
0xdbf3bf0c3ff7d43769d5150daa90f0014a0e2c4c,67
0x4e646a576917a6a47d5b0896c3e207693870869d,756
0xedd4941d09bb0fafd230100c86ffbbd7907b6fed,174
0x7a3d3c4f30c46f51b814bee23d970a7c9b757a32,208
0x63b992e6246d88f07fc35a056d2c365e6d441a3d,241
0x29f20242051accda50d52a7e272a5f23237e4696,57
0x5b135d7e2774c801a73208f258123d7623e07784,245
0x89303500a7abfb178b274fd89f2469c264951e1f,224
0x0835ecd15ddf08d4786304d71b4672dc5c40f011,224
0x0c28bf52d0d4d9447e86d7e7f0e317f273d3c9a3,822
0xd76b5c2a23ef78368d8e34288b5b65d616b746ae,180
0x9f195617fa8fbad9540c5d113a99a0a0172aaedc,608
0xe8c65be49e76adbdef289b12ee648e6c5fa117a2,142
0xdcdb42c9a256690bd153a7b409751adfc8dd5851,464
0xffe04344f48e7ca2ee5e25bf557ac88b1b769cb3,176
0x98976a6dfaaf97b16a4bb06035cc84be12e79110,77
0xffe8196bc259e8dedc544d935786aa4709ec3e64,123
0x9d5b592b687c887a5a34df5f9207adb2c2db3aec,185
0x5f5f8a9c9775499b783171ac1979b4327ab60447,108
0x4f22310c27ef39feaa4a756027896dc382f0b5e2,376
0x399934a1b63154c825e518c68b7da2147d6cb0c9,242
0x7d1afa7b718fb893db30a3abc0cfc608aacfebb0,225
0x33803edf44a71b9579f54cd429b53b06c0eeab83,213
0x23b75bc7aaf28e2d6628c3f424b3882f8f072a3c,377
0xf46ede17c0bab20d87cd079a2632f71433a407b9,244
0x9653cfd0865ad8313bea2f0c2ec0584bfd05115b,90
0x6b0d7b8357bb851de9f1953199c39c7bc4675796,115
0xf2bb016e8c9c8975654dcd62f318323a8a79d48e,158
0x68909e586eeac8f47315e84b4c9788dd54ef65bb,204
0x52a7cb918c11a16958be40cba7e31e32a499a465,264
0x80510e56e3f2ef63c07468be6cfb8ffe2468dcc8,242
0x541cdaae3d240aee1a79a7469c2f10b6dd98e4d7,201
0x0601ec5350b48fe2c3f421ea42915d16df108d27,376
0x8ac16c08105de55a02e2b7462b1eec6085fa4d86,11
0x9ede87077078aee6eaaa96cbee47726a85c7c161,466
0x3109da1ae5c609196e8b136a675114a7018e0cbf,117
0x755eb14d2feff2939eb3026f5cad9d03775b9ff4,197
0x05cf67329a262818e67c080e9d511a34d36152c0,275
0x2a3956fdced9a0f9ace46426e5cfaa0f1939247d,275
0x3243f38c7f251526b1948b09f0aaa1d2752ad9ae,71
0x7e789e2dd1340971de0a9bca35b14ac0939aa330,383
0x12b2b2331a72d375c453c160b2c8a7010eea510a,73
0xd83caa129d9d7080a15d26499733f783eb14e667,274
0x3e419b0401339df3564edfa3686d7f99354f134d,220
0x9e0768c51c55e15b831d39de674a4d1858df78ab,82
0x87026f792d09960232ca406e80c89bd35bafe566,114
0x6ba6f2207e343923ba692e5cae646fb0f566db8d,104
0x194ee036eadb8858713ddb5155e5fa0fdab82cac,139
0x790aac02412e8665604bdae39b00be012f4acc12,148
0x4946fcea7c692606e8908002e55a582af44ac121,204
0x6beb418fc6e1958204ac8baddcf109b8e9694966,258
0x2cfc06b1ec0735bd7ef00b211764cc7e06e9456a,365
0x12fb5d5802c3b284761d76c3e723ea913877afba,123
0xd04a63eea250ce2b330d4ed46338d7cfa6999040,71
0x1da022710df5002339274aadee8d58218e9d6ab5,98
0x9edd4901ac21fcc930a89f0056ac313b9bc31ed0,174
0xf3fe733717ab28cdcb7f2dc22d06c7de858d3edf,174
0x41875c2332b0877cdfaa699b641402b7d4642c32,183
0x7297862b9670ff015192799cc849726c88bf1d77,236
0x521a0d4917b1dec2c21b4807a3dd41c5325aa637,59
0x41b6f68950dae15242c3b35bcc9ad6446fcf0849,116
0x0f7f8ca2c9b617b4dabb1a16c3e2dc5d83faf907,380
0x9488d07660eb7466b0269f043a19d9b5dfc914cc,187
0x2e98a6804e4b6c832ed0ca876a943abd3400b224,244
0x42588776f50789ae5ce2d9ce0c63f5dfe12f758c,217
0xd51e852630debc24e9e1041a03d80a0107f8ef0c,68
0xc690f7c7fcffa6a82b79fab7508c466fefdfc8c5,173
0x0bbb5a54767166b21e4a74d30500248a05ed985f,262
0x4c383bdcae52a6e1cb810c76c70d6f31a249ec9b,108
0x819bb9964b6ebf52361f1ae42cf4831b921510f9,398
0xfa456cf55250a839088b27ee32a424d7dacb54ff,159
0x170c9d5638a504a271912a374a27c85a88ed2be9,320
0xed00a2cba066714999ec703350e0a5b6b7ab66cb,130
0x5af9ec6df6edea0761fa841ce56c2e4deb000b31,678
0x32b7a3018e4b832dea848786348164667ec030f3,71
0xaa6bf83784570ce6e114aec683b6b23ca30cf763,131
0x531ac3341edfc39a04ed4c8b44ec396a46bc8690,71
0xfd784da5c740c617aafb80399fa81b86e1da99a5,114
0x60f49f520c586acba787f21d2a3eca5c9c156634,250
0xdcb9ff81013c31ff686154b4502ef6bfaa102d2d,128
0x2f23228b905ceb4734eb42d9b42805296667c93b,247
0x1ed7ae1f0e2fa4276dd7ddc786334a3df81d50c0,365
0x1f331e900341ba6711f13c208f508bb305da4d0b,40
0x763fa6806e1acf68130d2d0f0df754c93cc546b2,522
0xe2612b9bc5cc0abf3fd35400cc2e49b3d426c56f,118
0xb0e470bf1037abe48f854094375e2d7d59d5b096,162
0x984c134a8809571993fd1573fb99f06dc61e216f,150
0xcf9fbffec9e0e5bbc62e79bf1965f5db76955661,158
0x9ce447d500eb431b2009ab159586da0fe8ccaa87,268
0xe479dfd9664c693b2e2992300930b00bfde08233,547
0x0f7feaeeb7872bfeb39da593f60c2a3b65d16e93,82
0xd8912c10681d8b21fd3742244f44658dba12264e,71
0x8d80de8a78198396329dfa769ad54d24bf90e7aa,931
0xa5025faba6e70b84f74e9b1113e5f7f4e7f4859f,88
0x3c311b5e2d475243097ae008b5cc52dd49c095ee,125
0xcb5a05bef3257613e984c17dbcf039952b6d883f,94
0xb0280743b44bf7db4b6be482b2ba7b75e5da096c,120
0x725803315519de78d232265a8f1040f054e70b98,182
0x9cb4f3f243d621359fbbde2473f94f991a5b987a,108
0xf8a3dc13b7a8da473f80660f513c4343e4edd7f7,300
0x75b5f145002ba88cdfdb7897e0550781e3909a08,120
0xeab64b2320a1fc1e65f4c7253385ec18e4b4313b,1124
0x63e634330a20150dbb61b15648bc73855d6ccf07,196
0xd043f70ff0634167db1149b15e5668f5be52d72c,108
0xca83bd8c4c7b1c0409b25fbd7e70b1ef57629ff4,326
0x49bd2da75b1f7af1e4dfd6b1125fecde59dbec58,134
0x5ab793e36070f0fac928ea15826b0c1bc5365119,333
0x83ce340889c15a3b4d38cfcd1fc93e5d8497691f,343
0xff5c25d2f40b47c4a37f989de933e26562ef0ac0,158
0x6afedb250fdffdfa82c08dd119f53dee63d04577,345
0xbf3f09e4eba5f7805e5fac0ee09fd6ee8eebe4cb,213
0x001f0aa5da15585e5b2305dbab2bac425ea71007,147
0x5e51f6841d2f188c42c7c33a6a5e77fb05cfbabe,256
0xe3f4b4a5d91e5cb9435b947f090a319737036312,173
0xc1f5ba8bab3ca299f9817876a6715627f9e2b11a,78
0xabc7e6c01237e8eef355bba2bf925a730b714d5f,645
0xf62baa1997f04f165edd100d78241e07617f6ce6,202
0x5824f275dab2c59b8972a1fda45ff404c9a703e3,148
0x903a61bc9ff163138959f9f7b00f4b00ca0f3210,244
0x0550581783f8f11a8cf627ce87af36b4d92f3f33,121
0x671abbe5ce652491985342e85428eb1b07bc6c64,79
0x26db5439f651caf491a87d48799da81f191bdb6b,273
0xeefdfa0f6a921044e7901d18e6794c0a7baff4d7,174
0x51fb3da8a67861361281ac56fe2ad8c3b4539ffa,75
0x05215fce25902366480696f38c3093e31dbce69a,423
0x5c543e7ae0a1104f78406c340e9c64fd9fce5170,157
0x9dfe4643c04078a46803edcc30a3291b76d4c20c,108
0x2a46f2ffd99e19a89476e2f62270e0a35bbf0756,1048
0x9195e00402abe385f2d00a32af40b271f2e87925,121
0xac27d299e2c1106daf33bc0971b7b97b96287493,100
0x77fe30b2cf39245267c0a5084b66a560f1cf9e1f,112
0x75c5ee419331b6150879530d06f9ba054755f1da,163
0x9ec58861641bc805564bbc0c5fb4a856516238e7,96
0x454b9f249bc1492ee995793bbc3e57b830f1a5e9,330
0x86c8bf8532aa2601151c9dbbf4e4c4804e042571,97
0xd2dcba99f8936e576c533c04d25edbc9f762818e,41
0x55d260f12a6627a11aa10256f00cfacc48994aa8,115
0x8055d0504666e2b6942beb8d6014c964658ca591,77
0x02f2d4a04e6e01ace88bd2cd632875543b2ef577,95
0xe814aee960a85208c3db542c53e7d4a6c8d5f60f,854
0x92cb5f1fbabbcbdd891b9cbd8e9a056c8c1eebef,262
0x73b172756bd5ddf0110ba8d7b88816eb639eb21c,380
0x0c963a1b52eb97c5e457c7d76696f8b95c3087ed,311
0x73b774ff2e2bbad413a37db5ea87cdf736b71ef6,102
0x282eaf0c93b535731c1a2ef26a568e6131980c4a,248
0x6295ab2be04a617747481b292c390bfca592cf28,178
0xac2385e183d9301dd5e2bb08da932cbf9800dc9c,74
0x5eac95ad5b287cf44e058dcf694419333b796123,254
0x2c30840965f8fb2dc42bf4d6d530661d9f0e73c3,117
0x41bbcf4f8f0e8a0a3cce4287d1c0c3d27c65ba0d,252
0x78c292d1445e6b9558bf42e8bc369271ded062ea,184
0xc4ea05982d2e47d3b6cae011bf1d28ab155f0816,170
0xaa1bbd948a0a4835e45f672d34f50eed819a9255,79
0x054c64741dbafdc19784505494029823d89c3b13,127
0x3dc865e42ec1c39093ff531fcfc1b4d502f52b4f,286
0x943aca8ed65fbf188a7d369cfc2bee0ae435ee1b,297
0xb44d36a18b18015c546f5efa37bb1e3db5f24063,113
0xce3ad07c9c7a5f89d39eb1449913d3feecabcf8d,197
0xc8a8d2a81cc86b95beb04e5a320d7e53f3c627dd,109
0x190289e0f72dfd611121da7dd9f3e6c92b8f71e4,95
0x52e30201f31283dc5f7928b4198896083f604416,161
0xb2816223fddc21aca553ba208c7b7a13b27c207c,296
0xdc7b3fd9b42a4102cb9cb9b14ea5d79c4fb16fc0,77
0xc0e4f45b828aa4aa628e897e5da38d9dc72c2257,250
0x21f4da2a2c925f7105ba189438c9f429f371cf21,70
0xcbd49182346421d3b410b04aeb1789346da6ce43,358
0xaf8a215e81faea7c180ce22b72483525121813bd,167
0x00c4b398500645eb5da00a1a379a88b11683ba01,240
0x336f646f87d9f6bc6ed42dd46e8b3fd9dbd15c22,114
0x1a7208627ffe43a69f13f3c393a41712fa4a7831,707
0x6ee10c4c566166135c8de574ce63f583afc6d2b2,336
0x89885fc1f76c3f4cc719640e33c315227da7003a,78
0x48df4e0296f908ceab0428a5182d19b31fc037d6,68
0xf1d9139c6512452db91f25635457b844d7e22b8b,170
0x31c8772dc63a3c63bbdd754a77b1b39331485df0,207
0x8c01722fc426841e7f508d2aadc9678b79228281,159
